<?xml version="1.0" encoding="UTF-8"?>
<Workbook xmlns="urn:schemas-microsoft-com:office:spreadsheet"
          xmlns:str="urn:fdc:difi.no:2017:vefa:structure-1"
          xmlns:msxsl="urn:schemas-microsoft-com:xslt"
          xmlns:o="urn:schemas-microsoft-com:office:office"
          xmlns:x="urn:schemas-microsoft-com:office:excel"
          xmlns:ss="urn:schemas-microsoft-com:office:spreadsheet">
   <Styles>
      <Style ss:ID="Default" ss:Name="Normal">
         <Alignment ss:Vertical="Bottom"/>
         <Borders/>
         <Font ss:FontName="Calibri"
               x:Family="Swiss"
               ss:Size="11"
               ss:Color="#000000"/>
         <Interior/>
         <NumberFormat/>
         <Protection/>
      </Style>
      <Style ss:ID="s24" ss:Name="Heading 3">
         <Borders>
            <Border ss:Position="Bottom"
                    ss:LineStyle="Continuous"
                    ss:Weight="2"
                    ss:Color="#8EA9DB"/>
         </Borders>
         <Font ss:FontName="Calibri"
               x:Family="Swiss"
               ss:Size="11"
               ss:Color="#339966"
               ss:Bold="1"/>
      </Style>
      <Style ss:ID="s63" ss:Parent="s24">
         <Borders>
            <Border ss:Position="Bottom"
                    ss:LineStyle="Continuous"
                    ss:Weight="2"
                    ss:Color="#8EA9DB"/>
         </Borders>
         <Font ss:FontName="Calibri"
               x:Family="Swiss"
               ss:Size="11"
               ss:Color="#333333"
               ss:Bold="1"/>
         <Interior/>
      </Style>
   </Styles>
   <Worksheet ss:Name="Sheet1">
      <Table>
         <Column ss:Width="30"/>
         <Column ss:Width="200"/>
         <Column ss:Width="200"/>
         <Column ss:Width="200"/>
         <Column ss:Width="200"/>
         <Column ss:Width="200"/>
         <Column ss:Width="30"/>
         <Row>
            <Cell ss:StyleID="s63">
               <Data ss:Type="String">Card</Data>
            </Cell>
            <Cell ss:StyleID="s63">
               <Data ss:Type="String">Term</Data>
            </Cell>
            <Cell ss:StyleID="s63">
               <Data ss:Type="String">Name</Data>
            </Cell>
            <Cell ss:StyleID="s63">
               <Data ss:Type="String">Description</Data>
            </Cell>
            <Cell ss:StyleID="s63">
               <Data ss:Type="String">Example</Data>
            </Cell>
            <Cell ss:StyleID="s63">
               <Data ss:Type="String">XPath</Data>
            </Cell>
            <Cell ss:StyleID="s63">
               <Data ss:Type="String">Node Level</Data>
            </Cell>
            <Cell ss:StyleID="s63">
               <Data ss:Type="String">Sequence</Data>
            </Cell>
         </Row>
         <Row>
            <Cell>
               <Data ss:Type="String">1..1</Data>
            </Cell>
            <Cell>
               <Data ss:Type="String">ApplicationResponse</Data>
            </Cell>
            <Cell>
               <Data ss:Type="String"/>
            </Cell>
            <Cell>
               <Data ss:Type="String"/>
            </Cell>
            <Cell>
               <Data ss:Type="String"/>
            </Cell>
            <Cell>
               <Data ss:Type="String">/ApplicationResponse</Data>
            </Cell>
            <Cell>
               <Data ss:Type="Number">0</Data>
            </Cell>
            <Cell>
               <Data ss:Type="Number">0</Data>
            </Cell>
         </Row>
         <Row>
            <Cell>
               <Data ss:Type="String">1..1</Data>
            </Cell>
            <Cell>
               <Data ss:Type="String">•  cbc:CustomizationID</Data>
            </Cell>
            <Cell>
               <Data ss:Type="String">Specification identification</Data>
            </Cell>
            <Cell>
               <Data ss:Type="String">Identifies the specification of content and rules that apply to the transaction.</Data>
            </Cell>
            <Cell>
               <Data ss:Type="String">urn:fdc:peppol.eu:logistics:trns:despatch_advice_response:1</Data>
            </Cell>
            <Cell>
               <Data ss:Type="String">/ApplicationResponse/cbc:CustomizationID</Data>
            </Cell>
            <Cell>
               <Data ss:Type="Number">1</Data>
            </Cell>
            <Cell>
               <Data ss:Type="Number">100</Data>
            </Cell>
         </Row>
         <Row>
            <Cell>
               <Data ss:Type="String">1..1</Data>
            </Cell>
            <Cell>
               <Data ss:Type="String">•  cbc:ProfileID</Data>
            </Cell>
            <Cell>
               <Data ss:Type="String">Business process type identifier</Data>
            </Cell>
            <Cell>
               <Data ss:Type="String">Identifies the BII profile or business process context in which the transaction appears.</Data>
            </Cell>
            <Cell>
               <Data ss:Type="String">urn:fdc:peppol.eu:logistics:bis:despatch_advice_w_response:1</Data>
            </Cell>
            <Cell>
               <Data ss:Type="String">/ApplicationResponse/cbc:ProfileID</Data>
            </Cell>
            <Cell>
               <Data ss:Type="Number">1</Data>
            </Cell>
            <Cell>
               <Data ss:Type="Number">200</Data>
            </Cell>
         </Row>
         <Row>
            <Cell>
               <Data ss:Type="String">1..1</Data>
            </Cell>
            <Cell>
               <Data ss:Type="String">•  cbc:ID</Data>
            </Cell>
            <Cell>
               <Data ss:Type="String">Response identifier</Data>
            </Cell>
            <Cell>
               <Data ss:Type="String">A transaction instance must contain an identifier. The identifier enables positive referencing the transaction instance for various purposes including referencing between transactions that are part of the same process.</Data>
            </Cell>
            <Cell>
               <Data ss:Type="String">ID123</Data>
            </Cell>
            <Cell>
               <Data ss:Type="String">/ApplicationResponse/cbc:ID</Data>
            </Cell>
            <Cell>
               <Data ss:Type="Number">1</Data>
            </Cell>
            <Cell>
               <Data ss:Type="Number">300</Data>
            </Cell>
         </Row>
         <Row>
            <Cell>
               <Data ss:Type="String">1..1</Data>
            </Cell>
            <Cell>
               <Data ss:Type="String">•  cbc:IssueDate</Data>
            </Cell>
            <Cell>
               <Data ss:Type="String">Issue date </Data>
            </Cell>
            <Cell>
               <Data ss:Type="String">Document date time.</Data>
            </Cell>
            <Cell>
               <Data ss:Type="String">2016-08-15</Data>
            </Cell>
            <Cell>
               <Data ss:Type="String">/ApplicationResponse/cbc:IssueDate</Data>
            </Cell>
            <Cell>
               <Data ss:Type="Number">1</Data>
            </Cell>
            <Cell>
               <Data ss:Type="Number">400</Data>
            </Cell>
         </Row>
         <Row>
            <Cell>
               <Data ss:Type="String">0..1</Data>
            </Cell>
            <Cell>
               <Data ss:Type="String">•  cbc:IssueTime</Data>
            </Cell>
            <Cell>
               <Data ss:Type="String">Issue time </Data>
            </Cell>
            <Cell>
               <Data ss:Type="String">Document date time.</Data>
            </Cell>
            <Cell>
               <Data ss:Type="String">12:00:00</Data>
            </Cell>
            <Cell>
               <Data ss:Type="String">/ApplicationResponse/cbc:IssueTime</Data>
            </Cell>
            <Cell>
               <Data ss:Type="Number">1</Data>
            </Cell>
            <Cell>
               <Data ss:Type="Number">500</Data>
            </Cell>
         </Row>
         <Row>
            <Cell>
               <Data ss:Type="String">1..1</Data>
            </Cell>
            <Cell>
               <Data ss:Type="String">•  cac:SenderParty</Data>
            </Cell>
            <Cell>
               <Data ss:Type="String">Sender information</Data>
            </Cell>
            <Cell>
               <Data ss:Type="String">The party sending an electronic message level response message back to the sending party of the business document.</Data>
            </Cell>
            <Cell>
               <Data ss:Type="String"/>
            </Cell>
            <Cell>
               <Data ss:Type="String">/ApplicationResponse/cac:SenderParty</Data>
            </Cell>
            <Cell>
               <Data ss:Type="Number">1</Data>
            </Cell>
            <Cell>
               <Data ss:Type="Number">600</Data>
            </Cell>
         </Row>
         <Row>
            <Cell>
               <Data ss:Type="String">1..1</Data>
            </Cell>
            <Cell>
               <Data ss:Type="String">•  •  cbc:EndpointID</Data>
            </Cell>
            <Cell>
               <Data ss:Type="String">Sender party electronic address</Data>
            </Cell>
            <Cell>
               <Data ss:Type="String">Identifies the sender party's electronic address</Data>
            </Cell>
            <Cell>
               <Data ss:Type="String">5798000000124</Data>
            </Cell>
            <Cell>
               <Data ss:Type="String">/ApplicationResponse/cac:SenderParty/cbc:EndpointID</Data>
            </Cell>
            <Cell>
               <Data ss:Type="Number">2</Data>
            </Cell>
            <Cell>
               <Data ss:Type="Number">700</Data>
            </Cell>
         </Row>
         <Row>
            <Cell>
               <Data ss:Type="String">M</Data>
            </Cell>
            <Cell>
               <Data ss:Type="String">•  •  •  @schemeID</Data>
            </Cell>
            <Cell>
               <Data ss:Type="String">Scheme identifier</Data>
            </Cell>
            <Cell>
               <Data ss:Type="String">Scheme identifier for the electronic address</Data>
            </Cell>
            <Cell>
               <Data ss:Type="String">0088</Data>
            </Cell>
            <Cell>
               <Data ss:Type="String">/ApplicationResponse/cac:SenderParty/cbc:EndpointID/schemeID</Data>
            </Cell>
            <Cell>
               <Data ss:Type="Number">3</Data>
            </Cell>
            <Cell>
               <Data ss:Type="Number">800</Data>
            </Cell>
         </Row>
         <Row>
            <Cell>
               <Data ss:Type="String">0..1</Data>
            </Cell>
            <Cell>
               <Data ss:Type="String">•  •  cac:PartyIdentification</Data>
            </Cell>
            <Cell>
               <Data ss:Type="String">Party identification </Data>
            </Cell>
            <Cell>
               <Data ss:Type="String"/>
            </Cell>
            <Cell>
               <Data ss:Type="String"/>
            </Cell>
            <Cell>
               <Data ss:Type="String">/ApplicationResponse/cac:SenderParty/cac:PartyIdentification</Data>
            </Cell>
            <Cell>
               <Data ss:Type="Number">2</Data>
            </Cell>
            <Cell>
               <Data ss:Type="Number">900</Data>
            </Cell>
         </Row>
         <Row>
            <Cell>
               <Data ss:Type="String">1..1</Data>
            </Cell>
            <Cell>
               <Data ss:Type="String">•  •  •  cbc:ID</Data>
            </Cell>
            <Cell>
               <Data ss:Type="String">Sender party identifier </Data>
            </Cell>
            <Cell>
               <Data ss:Type="String">Consignee (T0036)</Data>
            </Cell>
            <Cell>
               <Data ss:Type="String">5790000435951</Data>
            </Cell>
            <Cell>
               <Data ss:Type="String">/ApplicationResponse/cac:SenderParty/cac:PartyIdentification/cbc:ID</Data>
            </Cell>
            <Cell>
               <Data ss:Type="Number">3</Data>
            </Cell>
            <Cell>
               <Data ss:Type="Number">1000</Data>
            </Cell>
         </Row>
         <Row>
            <Cell>
               <Data ss:Type="String">M</Data>
            </Cell>
            <Cell>
               <Data ss:Type="String">•  •  •  •  @schemeID</Data>
            </Cell>
            <Cell>
               <Data ss:Type="String">Scheme identifier </Data>
            </Cell>
            <Cell>
               <Data ss:Type="String">Scheme identifier for party identification</Data>
            </Cell>
            <Cell>
               <Data ss:Type="String">0088</Data>
            </Cell>
            <Cell>
               <Data ss:Type="String">/ApplicationResponse/cac:SenderParty/cac:PartyIdentification/cbc:ID/schemeID</Data>
            </Cell>
            <Cell>
               <Data ss:Type="Number">4</Data>
            </Cell>
            <Cell>
               <Data ss:Type="Number">1100</Data>
            </Cell>
         </Row>
         <Row>
            <Cell>
               <Data ss:Type="String">0..1</Data>
            </Cell>
            <Cell>
               <Data ss:Type="String">•  •  cac:PartyName</Data>
            </Cell>
            <Cell>
               <Data ss:Type="String">Party name </Data>
            </Cell>
            <Cell>
               <Data ss:Type="String">The name of the Sender Party.</Data>
            </Cell>
            <Cell>
               <Data ss:Type="String"/>
            </Cell>
            <Cell>
               <Data ss:Type="String">/ApplicationResponse/cac:SenderParty/cac:PartyName</Data>
            </Cell>
            <Cell>
               <Data ss:Type="Number">2</Data>
            </Cell>
            <Cell>
               <Data ss:Type="Number">1200</Data>
            </Cell>
         </Row>
         <Row>
            <Cell>
               <Data ss:Type="String">1..1</Data>
            </Cell>
            <Cell>
               <Data ss:Type="String">•  •  •  cbc:Name</Data>
            </Cell>
            <Cell>
               <Data ss:Type="String">Name of the sender party </Data>
            </Cell>
            <Cell>
               <Data ss:Type="String">The name of the sender oif the document.</Data>
            </Cell>
            <Cell>
               <Data ss:Type="String">Sender inc.</Data>
            </Cell>
            <Cell>
               <Data ss:Type="String">/ApplicationResponse/cac:SenderParty/cac:PartyName/cbc:Name</Data>
            </Cell>
            <Cell>
               <Data ss:Type="Number">3</Data>
            </Cell>
            <Cell>
               <Data ss:Type="Number">1300</Data>
            </Cell>
         </Row>
         <Row>
            <Cell>
               <Data ss:Type="String">0..1</Data>
            </Cell>
            <Cell>
               <Data ss:Type="String">•  •  cac:PostalAddress</Data>
            </Cell>
            <Cell>
               <Data ss:Type="String">Postal address </Data>
            </Cell>
            <Cell>
               <Data ss:Type="String"/>
            </Cell>
            <Cell>
               <Data ss:Type="String"/>
            </Cell>
            <Cell>
               <Data ss:Type="String">/ApplicationResponse/cac:SenderParty/cac:PostalAddress</Data>
            </Cell>
            <Cell>
               <Data ss:Type="Number">2</Data>
            </Cell>
            <Cell>
               <Data ss:Type="Number">1400</Data>
            </Cell>
         </Row>
         <Row>
            <Cell>
               <Data ss:Type="String">1..1</Data>
            </Cell>
            <Cell>
               <Data ss:Type="String">•  •  •  cbc:StreetName</Data>
            </Cell>
            <Cell>
               <Data ss:Type="String">Address line 1 </Data>
            </Cell>
            <Cell>
               <Data ss:Type="String">The main address line in a postal address usually the street name and number.</Data>
            </Cell>
            <Cell>
               <Data ss:Type="String">Avon Way</Data>
            </Cell>
            <Cell>
               <Data ss:Type="String">/ApplicationResponse/cac:SenderParty/cac:PostalAddress/cbc:StreetName</Data>
            </Cell>
            <Cell>
               <Data ss:Type="Number">3</Data>
            </Cell>
            <Cell>
               <Data ss:Type="Number">1500</Data>
            </Cell>
         </Row>
         <Row>
            <Cell>
               <Data ss:Type="String">1..1</Data>
            </Cell>
            <Cell>
               <Data ss:Type="String">•  •  •  cbc:AdditionalStreetName</Data>
            </Cell>
            <Cell>
               <Data ss:Type="String">Address line 2 </Data>
            </Cell>
            <Cell>
               <Data ss:Type="String">An additional address line in a postal address that can be used to give further details supplementing the main line. Common use are secondary house number in a complex or in a building.</Data>
            </Cell>
            <Cell>
               <Data ss:Type="String">Big projects</Data>
            </Cell>
            <Cell>
               <Data ss:Type="String">/ApplicationResponse/cac:SenderParty/cac:PostalAddress/cbc:AdditionalStreetName</Data>
            </Cell>
            <Cell>
               <Data ss:Type="Number">3</Data>
            </Cell>
            <Cell>
               <Data ss:Type="Number">1600</Data>
            </Cell>
         </Row>
         <Row>
            <Cell>
               <Data ss:Type="String">1..1</Data>
            </Cell>
            <Cell>
               <Data ss:Type="String">•  •  •  cbc:CityName</Data>
            </Cell>
            <Cell>
               <Data ss:Type="String">City </Data>
            </Cell>
            <Cell>
               <Data ss:Type="String">The common name of the city where the postal address is. The name is written in full rather than as a code.</Data>
            </Cell>
            <Cell>
               <Data ss:Type="String">Bridgtow</Data>
            </Cell>
            <Cell>
               <Data ss:Type="String">/ApplicationResponse/cac:SenderParty/cac:PostalAddress/cbc:CityName</Data>
            </Cell>
            <Cell>
               <Data ss:Type="Number">3</Data>
            </Cell>
            <Cell>
               <Data ss:Type="Number">1700</Data>
            </Cell>
         </Row>
         <Row>
            <Cell>
               <Data ss:Type="String">1..1</Data>
            </Cell>
            <Cell>
               <Data ss:Type="String">•  •  •  cbc:PostalZone</Data>
            </Cell>
            <Cell>
               <Data ss:Type="String">Post code </Data>
            </Cell>
            <Cell>
               <Data ss:Type="String">The identifier for an addressable group of properties according to the relevant national postal service, such as a ZIP code or Post Code.</Data>
            </Cell>
            <Cell>
               <Data ss:Type="String">ZZ99 1ZZ</Data>
            </Cell>
            <Cell>
               <Data ss:Type="String">/ApplicationResponse/cac:SenderParty/cac:PostalAddress/cbc:PostalZone</Data>
            </Cell>
            <Cell>
               <Data ss:Type="Number">3</Data>
            </Cell>
            <Cell>
               <Data ss:Type="Number">1800</Data>
            </Cell>
         </Row>
         <Row>
            <Cell>
               <Data ss:Type="String">1..1</Data>
            </Cell>
            <Cell>
               <Data ss:Type="String">•  •  •  cbc:CountrySubentity</Data>
            </Cell>
            <Cell>
               <Data ss:Type="String">Country subdivision </Data>
            </Cell>
            <Cell>
               <Data ss:Type="String">For specifying a region, county, state, province etc. within a country by using text.</Data>
            </Cell>
            <Cell>
               <Data ss:Type="String">Avon</Data>
            </Cell>
            <Cell>
               <Data ss:Type="String">/ApplicationResponse/cac:SenderParty/cac:PostalAddress/cbc:CountrySubentity</Data>
            </Cell>
            <Cell>
               <Data ss:Type="Number">3</Data>
            </Cell>
            <Cell>
               <Data ss:Type="Number">1900</Data>
            </Cell>
         </Row>
         <Row>
            <Cell>
               <Data ss:Type="String">1..1</Data>
            </Cell>
            <Cell>
               <Data ss:Type="String">•  •  •  cac:AddressLine</Data>
            </Cell>
            <Cell>
               <Data ss:Type="String">Address Line </Data>
            </Cell>
            <Cell>
               <Data ss:Type="String"/>
            </Cell>
            <Cell>
               <Data ss:Type="String"/>
            </Cell>
            <Cell>
               <Data ss:Type="String">/ApplicationResponse/cac:SenderParty/cac:PostalAddress/cac:AddressLine</Data>
            </Cell>
            <Cell>
               <Data ss:Type="Number">3</Data>
            </Cell>
            <Cell>
               <Data ss:Type="Number">2000</Data>
            </Cell>
         </Row>
         <Row>
            <Cell>
               <Data ss:Type="String">1..1</Data>
            </Cell>
            <Cell>
               <Data ss:Type="String">•  •  •  •  cbc:Line</Data>
            </Cell>
            <Cell>
               <Data ss:Type="String">Address line 3 </Data>
            </Cell>
            <Cell>
               <Data ss:Type="String">An additional address line in an address that can be used to give further details supplementing the main line.</Data>
            </Cell>
            <Cell>
               <Data ss:Type="String">3rd Floor, Room 5</Data>
            </Cell>
            <Cell>
               <Data ss:Type="String">/ApplicationResponse/cac:SenderParty/cac:PostalAddress/cac:AddressLine/cbc:Line</Data>
            </Cell>
            <Cell>
               <Data ss:Type="Number">4</Data>
            </Cell>
            <Cell>
               <Data ss:Type="Number">2100</Data>
            </Cell>
         </Row>
         <Row>
            <Cell>
               <Data ss:Type="String">1..1</Data>
            </Cell>
            <Cell>
               <Data ss:Type="String">•  •  •  cac:Country</Data>
            </Cell>
            <Cell>
               <Data ss:Type="String">Country </Data>
            </Cell>
            <Cell>
               <Data ss:Type="String"/>
            </Cell>
            <Cell>
               <Data ss:Type="String"/>
            </Cell>
            <Cell>
               <Data ss:Type="String">/ApplicationResponse/cac:SenderParty/cac:PostalAddress/cac:Country</Data>
            </Cell>
            <Cell>
               <Data ss:Type="Number">3</Data>
            </Cell>
            <Cell>
               <Data ss:Type="Number">2200</Data>
            </Cell>
         </Row>
         <Row>
            <Cell>
               <Data ss:Type="String">1..1</Data>
            </Cell>
            <Cell>
               <Data ss:Type="String">•  •  •  •  cbc:IdentificationCode</Data>
            </Cell>
            <Cell>
               <Data ss:Type="String">Country code </Data>
            </Cell>
            <Cell>
               <Data ss:Type="String">A code that identifies the country.The lists of valid countries are registered with the ISO 3166-1 Maintenance agency, "Codes for the representation of names of countries and their subdivisions". Codes must be according to the alpha-2 representation.</Data>
            </Cell>
            <Cell>
               <Data ss:Type="String">GB</Data>
            </Cell>
            <Cell>
               <Data ss:Type="String">/ApplicationResponse/cac:SenderParty/cac:PostalAddress/cac:Country/cbc:IdentificationCode</Data>
            </Cell>
            <Cell>
               <Data ss:Type="Number">4</Data>
            </Cell>
            <Cell>
               <Data ss:Type="Number">2300</Data>
            </Cell>
         </Row>
         <Row>
            <Cell>
               <Data ss:Type="String">0..1</Data>
            </Cell>
            <Cell>
               <Data ss:Type="String">•  •  cac:PartyLegalEntity</Data>
            </Cell>
            <Cell>
               <Data ss:Type="String">Registration name </Data>
            </Cell>
            <Cell>
               <Data ss:Type="String"/>
            </Cell>
            <Cell>
               <Data ss:Type="String"/>
            </Cell>
            <Cell>
               <Data ss:Type="String">/ApplicationResponse/cac:SenderParty/cac:PartyLegalEntity</Data>
            </Cell>
            <Cell>
               <Data ss:Type="Number">2</Data>
            </Cell>
            <Cell>
               <Data ss:Type="Number">2400</Data>
            </Cell>
         </Row>
         <Row>
            <Cell>
               <Data ss:Type="String">1..1</Data>
            </Cell>
            <Cell>
               <Data ss:Type="String">•  •  •  cbc:RegistrationName</Data>
            </Cell>
            <Cell>
               <Data ss:Type="String">Party name </Data>
            </Cell>
            <Cell>
               <Data ss:Type="String">The name of the party legal entity for the sender party.</Data>
            </Cell>
            <Cell>
               <Data ss:Type="String">IYT Corporation</Data>
            </Cell>
            <Cell>
               <Data ss:Type="String">/ApplicationResponse/cac:SenderParty/cac:PartyLegalEntity/cbc:RegistrationName</Data>
            </Cell>
            <Cell>
               <Data ss:Type="Number">3</Data>
            </Cell>
            <Cell>
               <Data ss:Type="Number">2500</Data>
            </Cell>
         </Row>
         <Row>
            <Cell>
               <Data ss:Type="String">0..1</Data>
            </Cell>
            <Cell>
               <Data ss:Type="String">•  •  •  cbc:CompanyID</Data>
            </Cell>
            <Cell>
               <Data ss:Type="String">Sender customers parties legal registration name </Data>
            </Cell>
            <Cell>
               <Data ss:Type="String">The official name of the party as registered with the relevant fiscal authority.</Data>
            </Cell>
            <Cell>
               <Data ss:Type="String">GB523859989</Data>
            </Cell>
            <Cell>
               <Data ss:Type="String">/ApplicationResponse/cac:SenderParty/cac:PartyLegalEntity/cbc:CompanyID</Data>
            </Cell>
            <Cell>
               <Data ss:Type="Number">3</Data>
            </Cell>
            <Cell>
               <Data ss:Type="Number">2600</Data>
            </Cell>
         </Row>
         <Row>
            <Cell>
               <Data ss:Type="String">M</Data>
            </Cell>
            <Cell>
               <Data ss:Type="String">•  •  •  •  @schemeID</Data>
            </Cell>
            <Cell>
               <Data ss:Type="String">Scheme identifier </Data>
            </Cell>
            <Cell>
               <Data ss:Type="String">The identification scheme identifier of the despatch customer legal registration identifier</Data>
            </Cell>
            <Cell>
               <Data ss:Type="String">0089</Data>
            </Cell>
            <Cell>
               <Data ss:Type="String">/ApplicationResponse/cac:SenderParty/cac:PartyLegalEntity/cbc:CompanyID/schemeID</Data>
            </Cell>
            <Cell>
               <Data ss:Type="Number">4</Data>
            </Cell>
            <Cell>
               <Data ss:Type="Number">2700</Data>
            </Cell>
         </Row>
         <Row>
            <Cell>
               <Data ss:Type="String">0..1</Data>
            </Cell>
            <Cell>
               <Data ss:Type="String">•  •  •  cac:RegistrationAddress</Data>
            </Cell>
            <Cell>
               <Data ss:Type="String">Legal address </Data>
            </Cell>
            <Cell>
               <Data ss:Type="String"/>
            </Cell>
            <Cell>
               <Data ss:Type="String"/>
            </Cell>
            <Cell>
               <Data ss:Type="String">/ApplicationResponse/cac:SenderParty/cac:PartyLegalEntity/cac:RegistrationAddress</Data>
            </Cell>
            <Cell>
               <Data ss:Type="Number">3</Data>
            </Cell>
            <Cell>
               <Data ss:Type="Number">2800</Data>
            </Cell>
         </Row>
         <Row>
            <Cell>
               <Data ss:Type="String">0..1</Data>
            </Cell>
            <Cell>
               <Data ss:Type="String">•  •  •  •  cbc:CityName</Data>
            </Cell>
            <Cell>
               <Data ss:Type="String">City name </Data>
            </Cell>
            <Cell>
               <Data ss:Type="String">The name of the city.</Data>
            </Cell>
            <Cell>
               <Data ss:Type="String">Bridgtown</Data>
            </Cell>
            <Cell>
               <Data ss:Type="String">/ApplicationResponse/cac:SenderParty/cac:PartyLegalEntity/cac:RegistrationAddress/cbc:CityName</Data>
            </Cell>
            <Cell>
               <Data ss:Type="Number">4</Data>
            </Cell>
            <Cell>
               <Data ss:Type="Number">2900</Data>
            </Cell>
         </Row>
         <Row>
            <Cell>
               <Data ss:Type="String">1..1</Data>
            </Cell>
            <Cell>
               <Data ss:Type="String">•  •  •  •  cac:Country</Data>
            </Cell>
            <Cell>
               <Data ss:Type="String">Contry </Data>
            </Cell>
            <Cell>
               <Data ss:Type="String">The residens country for the delivery customer party.</Data>
            </Cell>
            <Cell>
               <Data ss:Type="String"/>
            </Cell>
            <Cell>
               <Data ss:Type="String">/ApplicationResponse/cac:SenderParty/cac:PartyLegalEntity/cac:RegistrationAddress/cac:Country</Data>
            </Cell>
            <Cell>
               <Data ss:Type="Number">4</Data>
            </Cell>
            <Cell>
               <Data ss:Type="Number">3000</Data>
            </Cell>
         </Row>
         <Row>
            <Cell>
               <Data ss:Type="String">1..1</Data>
            </Cell>
            <Cell>
               <Data ss:Type="String">•  •  •  •  •  cbc:IdentificationCode</Data>
            </Cell>
            <Cell>
               <Data ss:Type="String">Contry code </Data>
            </Cell>
            <Cell>
               <Data ss:Type="String"/>
            </Cell>
            <Cell>
               <Data ss:Type="String">UK</Data>
            </Cell>
            <Cell>
               <Data ss:Type="String">/ApplicationResponse/cac:SenderParty/cac:PartyLegalEntity/cac:RegistrationAddress/cac:Country/cbc:IdentificationCode</Data>
            </Cell>
            <Cell>
               <Data ss:Type="Number">5</Data>
            </Cell>
            <Cell>
               <Data ss:Type="Number">3100</Data>
            </Cell>
         </Row>
         <Row>
            <Cell>
               <Data ss:Type="String">0..1</Data>
            </Cell>
            <Cell>
               <Data ss:Type="String">•  •  cac:Contact</Data>
            </Cell>
            <Cell>
               <Data ss:Type="String">Contact person name </Data>
            </Cell>
            <Cell>
               <Data ss:Type="String">The contact of the sender party.</Data>
            </Cell>
            <Cell>
               <Data ss:Type="String"/>
            </Cell>
            <Cell>
               <Data ss:Type="String">/ApplicationResponse/cac:SenderParty/cac:Contact</Data>
            </Cell>
            <Cell>
               <Data ss:Type="Number">2</Data>
            </Cell>
            <Cell>
               <Data ss:Type="Number">3200</Data>
            </Cell>
         </Row>
         <Row>
            <Cell>
               <Data ss:Type="String">0..1</Data>
            </Cell>
            <Cell>
               <Data ss:Type="String">•  •  •  cbc:Name</Data>
            </Cell>
            <Cell>
               <Data ss:Type="String">Contact name </Data>
            </Cell>
            <Cell>
               <Data ss:Type="String">The contact name.</Data>
            </Cell>
            <Cell>
               <Data ss:Type="String">Mrs Bouquet</Data>
            </Cell>
            <Cell>
               <Data ss:Type="String">/ApplicationResponse/cac:SenderParty/cac:Contact/cbc:Name</Data>
            </Cell>
            <Cell>
               <Data ss:Type="Number">3</Data>
            </Cell>
            <Cell>
               <Data ss:Type="Number">3300</Data>
            </Cell>
         </Row>
         <Row>
            <Cell>
               <Data ss:Type="String">0..1</Data>
            </Cell>
            <Cell>
               <Data ss:Type="String">•  •  •  cbc:Telephone</Data>
            </Cell>
            <Cell>
               <Data ss:Type="String">Contact telephone number </Data>
            </Cell>
            <Cell>
               <Data ss:Type="String">The phone number of the contact.</Data>
            </Cell>
            <Cell>
               <Data ss:Type="String">0158 1233714</Data>
            </Cell>
            <Cell>
               <Data ss:Type="String">/ApplicationResponse/cac:SenderParty/cac:Contact/cbc:Telephone</Data>
            </Cell>
            <Cell>
               <Data ss:Type="Number">3</Data>
            </Cell>
            <Cell>
               <Data ss:Type="Number">3400</Data>
            </Cell>
         </Row>
         <Row>
            <Cell>
               <Data ss:Type="String">0..1</Data>
            </Cell>
            <Cell>
               <Data ss:Type="String">•  •  •  cbc:ElectronicMail</Data>
            </Cell>
            <Cell>
               <Data ss:Type="String">Contact email address </Data>
            </Cell>
            <Cell>
               <Data ss:Type="String">The electronic mail of the contact.</Data>
            </Cell>
            <Cell>
               <Data ss:Type="String">bouquet@fpconsortial.co.uk</Data>
            </Cell>
            <Cell>
               <Data ss:Type="String">/ApplicationResponse/cac:SenderParty/cac:Contact/cbc:ElectronicMail</Data>
            </Cell>
            <Cell>
               <Data ss:Type="Number">3</Data>
            </Cell>
            <Cell>
               <Data ss:Type="Number">3500</Data>
            </Cell>
         </Row>
         <Row>
            <Cell>
               <Data ss:Type="String">1..1</Data>
            </Cell>
            <Cell>
               <Data ss:Type="String">•  cac:ReceiverParty</Data>
            </Cell>
            <Cell>
               <Data ss:Type="String">Receiver information</Data>
            </Cell>
            <Cell>
               <Data ss:Type="String">The party, an electronic message level response was addressed to, and who is supposed to process the message level response. This is the same party as the sender of the business document.</Data>
            </Cell>
            <Cell>
               <Data ss:Type="String"/>
            </Cell>
            <Cell>
               <Data ss:Type="String">/ApplicationResponse/cac:ReceiverParty</Data>
            </Cell>
            <Cell>
               <Data ss:Type="Number">1</Data>
            </Cell>
            <Cell>
               <Data ss:Type="Number">3600</Data>
            </Cell>
         </Row>
         <Row>
            <Cell>
               <Data ss:Type="String">1..1</Data>
            </Cell>
            <Cell>
               <Data ss:Type="String">•  •  cbc:EndpointID</Data>
            </Cell>
            <Cell>
               <Data ss:Type="String">Reciever party electronic address</Data>
            </Cell>
            <Cell>
               <Data ss:Type="String">Identifies the receiver party's electronic address</Data>
            </Cell>
            <Cell>
               <Data ss:Type="String">7315458756328</Data>
            </Cell>
            <Cell>
               <Data ss:Type="String">/ApplicationResponse/cac:ReceiverParty/cbc:EndpointID</Data>
            </Cell>
            <Cell>
               <Data ss:Type="Number">2</Data>
            </Cell>
            <Cell>
               <Data ss:Type="Number">3700</Data>
            </Cell>
         </Row>
         <Row>
            <Cell>
               <Data ss:Type="String">M</Data>
            </Cell>
            <Cell>
               <Data ss:Type="String">•  •  •  @schemeID</Data>
            </Cell>
            <Cell>
               <Data ss:Type="String">Scheme identifier</Data>
            </Cell>
            <Cell>
               <Data ss:Type="String">Scheme identifier for the electronic address</Data>
            </Cell>
            <Cell>
               <Data ss:Type="String">0088</Data>
            </Cell>
            <Cell>
               <Data ss:Type="String">/ApplicationResponse/cac:ReceiverParty/cbc:EndpointID/schemeID</Data>
            </Cell>
            <Cell>
               <Data ss:Type="Number">3</Data>
            </Cell>
            <Cell>
               <Data ss:Type="Number">3800</Data>
            </Cell>
         </Row>
         <Row>
            <Cell>
               <Data ss:Type="String">0..1</Data>
            </Cell>
            <Cell>
               <Data ss:Type="String">•  •  cac:PartyIdentification</Data>
            </Cell>
            <Cell>
               <Data ss:Type="String">Party identification </Data>
            </Cell>
            <Cell>
               <Data ss:Type="String"/>
            </Cell>
            <Cell>
               <Data ss:Type="String"/>
            </Cell>
            <Cell>
               <Data ss:Type="String">/ApplicationResponse/cac:ReceiverParty/cac:PartyIdentification</Data>
            </Cell>
            <Cell>
               <Data ss:Type="Number">2</Data>
            </Cell>
            <Cell>
               <Data ss:Type="Number">3900</Data>
            </Cell>
         </Row>
         <Row>
            <Cell>
               <Data ss:Type="String">1..1</Data>
            </Cell>
            <Cell>
               <Data ss:Type="String">•  •  •  cbc:ID</Data>
            </Cell>
            <Cell>
               <Data ss:Type="String">Receiver party identifier </Data>
            </Cell>
            <Cell>
               <Data ss:Type="String">Identification of the Receiver (consignee)</Data>
            </Cell>
            <Cell>
               <Data ss:Type="String">7300010000001</Data>
            </Cell>
            <Cell>
               <Data ss:Type="String">/ApplicationResponse/cac:ReceiverParty/cac:PartyIdentification/cbc:ID</Data>
            </Cell>
            <Cell>
               <Data ss:Type="Number">3</Data>
            </Cell>
            <Cell>
               <Data ss:Type="Number">4000</Data>
            </Cell>
         </Row>
         <Row>
            <Cell>
               <Data ss:Type="String">M</Data>
            </Cell>
            <Cell>
               <Data ss:Type="String">•  •  •  •  @schemeID</Data>
            </Cell>
            <Cell>
               <Data ss:Type="String">Scheme identifier </Data>
            </Cell>
            <Cell>
               <Data ss:Type="String">Scheme identifier for party identification.</Data>
            </Cell>
            <Cell>
               <Data ss:Type="String">0088</Data>
            </Cell>
            <Cell>
               <Data ss:Type="String">/ApplicationResponse/cac:ReceiverParty/cac:PartyIdentification/cbc:ID/schemeID</Data>
            </Cell>
            <Cell>
               <Data ss:Type="Number">4</Data>
            </Cell>
            <Cell>
               <Data ss:Type="Number">4100</Data>
            </Cell>
         </Row>
         <Row>
            <Cell>
               <Data ss:Type="String">0..1</Data>
            </Cell>
            <Cell>
               <Data ss:Type="String">•  •  cac:PartyName</Data>
            </Cell>
            <Cell>
               <Data ss:Type="String">Party name </Data>
            </Cell>
            <Cell>
               <Data ss:Type="String">The name of the Receiver Party.</Data>
            </Cell>
            <Cell>
               <Data ss:Type="String"/>
            </Cell>
            <Cell>
               <Data ss:Type="String">/ApplicationResponse/cac:ReceiverParty/cac:PartyName</Data>
            </Cell>
            <Cell>
               <Data ss:Type="Number">2</Data>
            </Cell>
            <Cell>
               <Data ss:Type="Number">4200</Data>
            </Cell>
         </Row>
         <Row>
            <Cell>
               <Data ss:Type="String">1..1</Data>
            </Cell>
            <Cell>
               <Data ss:Type="String">•  •  •  cbc:Name</Data>
            </Cell>
            <Cell>
               <Data ss:Type="String">Name of the fuel supplier </Data>
            </Cell>
            <Cell>
               <Data ss:Type="String">The name of the receiver.</Data>
            </Cell>
            <Cell>
               <Data ss:Type="String">Receiver inc.</Data>
            </Cell>
            <Cell>
               <Data ss:Type="String">/ApplicationResponse/cac:ReceiverParty/cac:PartyName/cbc:Name</Data>
            </Cell>
            <Cell>
               <Data ss:Type="Number">3</Data>
            </Cell>
            <Cell>
               <Data ss:Type="Number">4300</Data>
            </Cell>
         </Row>
         <Row>
            <Cell>
               <Data ss:Type="String">0..1</Data>
            </Cell>
            <Cell>
               <Data ss:Type="String">•  •  cac:PostalAddress</Data>
            </Cell>
            <Cell>
               <Data ss:Type="String">Postal address </Data>
            </Cell>
            <Cell>
               <Data ss:Type="String"/>
            </Cell>
            <Cell>
               <Data ss:Type="String"/>
            </Cell>
            <Cell>
               <Data ss:Type="String">/ApplicationResponse/cac:ReceiverParty/cac:PostalAddress</Data>
            </Cell>
            <Cell>
               <Data ss:Type="Number">2</Data>
            </Cell>
            <Cell>
               <Data ss:Type="Number">4400</Data>
            </Cell>
         </Row>
         <Row>
            <Cell>
               <Data ss:Type="String">1..1</Data>
            </Cell>
            <Cell>
               <Data ss:Type="String">•  •  •  cbc:StreetName</Data>
            </Cell>
            <Cell>
               <Data ss:Type="String">Address line 1 </Data>
            </Cell>
            <Cell>
               <Data ss:Type="String">The main address line in a postal address usually the street name and number.</Data>
            </Cell>
            <Cell>
               <Data ss:Type="String">Busy Street</Data>
            </Cell>
            <Cell>
               <Data ss:Type="String">/ApplicationResponse/cac:ReceiverParty/cac:PostalAddress/cbc:StreetName</Data>
            </Cell>
            <Cell>
               <Data ss:Type="Number">3</Data>
            </Cell>
            <Cell>
               <Data ss:Type="Number">4500</Data>
            </Cell>
         </Row>
         <Row>
            <Cell>
               <Data ss:Type="String">1..1</Data>
            </Cell>
            <Cell>
               <Data ss:Type="String">•  •  •  cbc:AdditionalStreetName</Data>
            </Cell>
            <Cell>
               <Data ss:Type="String">Address line 2 </Data>
            </Cell>
            <Cell>
               <Data ss:Type="String">An additional address line in a postal address that can be used to give further details supplementing the main line. Common use are secondary house number in a complex or in a building.</Data>
            </Cell>
            <Cell>
               <Data ss:Type="String">way 1</Data>
            </Cell>
            <Cell>
               <Data ss:Type="String">/ApplicationResponse/cac:ReceiverParty/cac:PostalAddress/cbc:AdditionalStreetName</Data>
            </Cell>
            <Cell>
               <Data ss:Type="Number">3</Data>
            </Cell>
            <Cell>
               <Data ss:Type="Number">4600</Data>
            </Cell>
         </Row>
         <Row>
            <Cell>
               <Data ss:Type="String">1..1</Data>
            </Cell>
            <Cell>
               <Data ss:Type="String">•  •  •  cbc:CityName</Data>
            </Cell>
            <Cell>
               <Data ss:Type="String">City </Data>
            </Cell>
            <Cell>
               <Data ss:Type="String">The common name of the city where the postal address is. The name is written in full rather than as a code.</Data>
            </Cell>
            <Cell>
               <Data ss:Type="String">Farthing</Data>
            </Cell>
            <Cell>
               <Data ss:Type="String">/ApplicationResponse/cac:ReceiverParty/cac:PostalAddress/cbc:CityName</Data>
            </Cell>
            <Cell>
               <Data ss:Type="Number">3</Data>
            </Cell>
            <Cell>
               <Data ss:Type="Number">4700</Data>
            </Cell>
         </Row>
         <Row>
            <Cell>
               <Data ss:Type="String">1..1</Data>
            </Cell>
            <Cell>
               <Data ss:Type="String">•  •  •  cbc:PostalZone</Data>
            </Cell>
            <Cell>
               <Data ss:Type="String">Post code </Data>
            </Cell>
            <Cell>
               <Data ss:Type="String">The identifier for an addressable group of properties according to the relevant national postal service, such as a ZIP code or Post Code.</Data>
            </Cell>
            <Cell>
               <Data ss:Type="String">AA99 1BB</Data>
            </Cell>
            <Cell>
               <Data ss:Type="String">/ApplicationResponse/cac:ReceiverParty/cac:PostalAddress/cbc:PostalZone</Data>
            </Cell>
            <Cell>
               <Data ss:Type="Number">3</Data>
            </Cell>
            <Cell>
               <Data ss:Type="Number">4800</Data>
            </Cell>
         </Row>
         <Row>
            <Cell>
               <Data ss:Type="String">1..1</Data>
            </Cell>
            <Cell>
               <Data ss:Type="String">•  •  •  cbc:CountrySubentity</Data>
            </Cell>
            <Cell>
               <Data ss:Type="String">Country subdivision </Data>
            </Cell>
            <Cell>
               <Data ss:Type="String">For specifying a region, county, state, province etc. within a country by using text.</Data>
            </Cell>
            <Cell>
               <Data ss:Type="String">Heremouthshire</Data>
            </Cell>
            <Cell>
               <Data ss:Type="String">/ApplicationResponse/cac:ReceiverParty/cac:PostalAddress/cbc:CountrySubentity</Data>
            </Cell>
            <Cell>
               <Data ss:Type="Number">3</Data>
            </Cell>
            <Cell>
               <Data ss:Type="Number">4900</Data>
            </Cell>
         </Row>
         <Row>
            <Cell>
               <Data ss:Type="String">1..1</Data>
            </Cell>
            <Cell>
               <Data ss:Type="String">•  •  •  cac:AddressLine</Data>
            </Cell>
            <Cell>
               <Data ss:Type="String">Address line </Data>
            </Cell>
            <Cell>
               <Data ss:Type="String"/>
            </Cell>
            <Cell>
               <Data ss:Type="String"/>
            </Cell>
            <Cell>
               <Data ss:Type="String">/ApplicationResponse/cac:ReceiverParty/cac:PostalAddress/cac:AddressLine</Data>
            </Cell>
            <Cell>
               <Data ss:Type="Number">3</Data>
            </Cell>
            <Cell>
               <Data ss:Type="Number">5000</Data>
            </Cell>
         </Row>
         <Row>
            <Cell>
               <Data ss:Type="String">1..1</Data>
            </Cell>
            <Cell>
               <Data ss:Type="String">•  •  •  •  cbc:Line</Data>
            </Cell>
            <Cell>
               <Data ss:Type="String">Address line 3 </Data>
            </Cell>
            <Cell>
               <Data ss:Type="String">An additional address line in an address that can be used to give further details supplementing the main line.</Data>
            </Cell>
            <Cell>
               <Data ss:Type="String">The Roundabout</Data>
            </Cell>
            <Cell>
               <Data ss:Type="String">/ApplicationResponse/cac:ReceiverParty/cac:PostalAddress/cac:AddressLine/cbc:Line</Data>
            </Cell>
            <Cell>
               <Data ss:Type="Number">4</Data>
            </Cell>
            <Cell>
               <Data ss:Type="Number">5100</Data>
            </Cell>
         </Row>
         <Row>
            <Cell>
               <Data ss:Type="String">1..1</Data>
            </Cell>
            <Cell>
               <Data ss:Type="String">•  •  •  cac:Country</Data>
            </Cell>
            <Cell>
               <Data ss:Type="String">Country </Data>
            </Cell>
            <Cell>
               <Data ss:Type="String"/>
            </Cell>
            <Cell>
               <Data ss:Type="String"/>
            </Cell>
            <Cell>
               <Data ss:Type="String">/ApplicationResponse/cac:ReceiverParty/cac:PostalAddress/cac:Country</Data>
            </Cell>
            <Cell>
               <Data ss:Type="Number">3</Data>
            </Cell>
            <Cell>
               <Data ss:Type="Number">5200</Data>
            </Cell>
         </Row>
         <Row>
            <Cell>
               <Data ss:Type="String">1..1</Data>
            </Cell>
            <Cell>
               <Data ss:Type="String">•  •  •  •  cbc:IdentificationCode</Data>
            </Cell>
            <Cell>
               <Data ss:Type="String">Country code </Data>
            </Cell>
            <Cell>
               <Data ss:Type="String">A code that identifies the country.The lists of valid countries are registered with the ISO 3166-1 Maintenance agency, "Codes for the representation of names of countries and their subdivisions". Codes must be according to the alpha-2 representation.</Data>
            </Cell>
            <Cell>
               <Data ss:Type="String">GB</Data>
            </Cell>
            <Cell>
               <Data ss:Type="String">/ApplicationResponse/cac:ReceiverParty/cac:PostalAddress/cac:Country/cbc:IdentificationCode</Data>
            </Cell>
            <Cell>
               <Data ss:Type="Number">4</Data>
            </Cell>
            <Cell>
               <Data ss:Type="Number">5300</Data>
            </Cell>
         </Row>
         <Row>
            <Cell>
               <Data ss:Type="String">0..1</Data>
            </Cell>
            <Cell>
               <Data ss:Type="String">•  •  cac:PartyLegalEntity</Data>
            </Cell>
            <Cell>
               <Data ss:Type="String">Party name </Data>
            </Cell>
            <Cell>
               <Data ss:Type="String"/>
            </Cell>
            <Cell>
               <Data ss:Type="String"/>
            </Cell>
            <Cell>
               <Data ss:Type="String">/ApplicationResponse/cac:ReceiverParty/cac:PartyLegalEntity</Data>
            </Cell>
            <Cell>
               <Data ss:Type="Number">2</Data>
            </Cell>
            <Cell>
               <Data ss:Type="Number">5400</Data>
            </Cell>
         </Row>
         <Row>
            <Cell>
               <Data ss:Type="String">1..1</Data>
            </Cell>
            <Cell>
               <Data ss:Type="String">•  •  •  cbc:RegistrationName</Data>
            </Cell>
            <Cell>
               <Data ss:Type="String">Receiver party registration name </Data>
            </Cell>
            <Cell>
               <Data ss:Type="String">The registration name of the receiver party.</Data>
            </Cell>
            <Cell>
               <Data ss:Type="String">Consortial</Data>
            </Cell>
            <Cell>
               <Data ss:Type="String">/ApplicationResponse/cac:ReceiverParty/cac:PartyLegalEntity/cbc:RegistrationName</Data>
            </Cell>
            <Cell>
               <Data ss:Type="Number">3</Data>
            </Cell>
            <Cell>
               <Data ss:Type="Number">5500</Data>
            </Cell>
         </Row>
         <Row>
            <Cell>
               <Data ss:Type="String">0..1</Data>
            </Cell>
            <Cell>
               <Data ss:Type="String">•  •  •  cbc:CompanyID</Data>
            </Cell>
            <Cell>
               <Data ss:Type="String">Reveiver parties legal registration ID </Data>
            </Cell>
            <Cell>
               <Data ss:Type="String">The official ID of the party as registered with the relevant fiscal authority.</Data>
            </Cell>
            <Cell>
               <Data ss:Type="String">GB523859989</Data>
            </Cell>
            <Cell>
               <Data ss:Type="String">/ApplicationResponse/cac:ReceiverParty/cac:PartyLegalEntity/cbc:CompanyID</Data>
            </Cell>
            <Cell>
               <Data ss:Type="Number">3</Data>
            </Cell>
            <Cell>
               <Data ss:Type="Number">5600</Data>
            </Cell>
         </Row>
         <Row>
            <Cell>
               <Data ss:Type="String">M</Data>
            </Cell>
            <Cell>
               <Data ss:Type="String">•  •  •  •  @schemeID</Data>
            </Cell>
            <Cell>
               <Data ss:Type="String">Scheme identifier </Data>
            </Cell>
            <Cell>
               <Data ss:Type="String">The identification scheme identifier of the despatch customer legal registration identifier</Data>
            </Cell>
            <Cell>
               <Data ss:Type="String">0089</Data>
            </Cell>
            <Cell>
               <Data ss:Type="String">/ApplicationResponse/cac:ReceiverParty/cac:PartyLegalEntity/cbc:CompanyID/schemeID</Data>
            </Cell>
            <Cell>
               <Data ss:Type="Number">4</Data>
            </Cell>
            <Cell>
               <Data ss:Type="Number">5700</Data>
            </Cell>
         </Row>
         <Row>
            <Cell>
               <Data ss:Type="String">0..1</Data>
            </Cell>
            <Cell>
               <Data ss:Type="String">•  •  •  cac:RegistrationAddress</Data>
            </Cell>
            <Cell>
               <Data ss:Type="String">Legal address </Data>
            </Cell>
            <Cell>
               <Data ss:Type="String"/>
            </Cell>
            <Cell>
               <Data ss:Type="String"/>
            </Cell>
            <Cell>
               <Data ss:Type="String">/ApplicationResponse/cac:ReceiverParty/cac:PartyLegalEntity/cac:RegistrationAddress</Data>
            </Cell>
            <Cell>
               <Data ss:Type="Number">3</Data>
            </Cell>
            <Cell>
               <Data ss:Type="Number">5800</Data>
            </Cell>
         </Row>
         <Row>
            <Cell>
               <Data ss:Type="String">0..1</Data>
            </Cell>
            <Cell>
               <Data ss:Type="String">•  •  •  •  cbc:CityName</Data>
            </Cell>
            <Cell>
               <Data ss:Type="String">City name </Data>
            </Cell>
            <Cell>
               <Data ss:Type="String">The name of the city.</Data>
            </Cell>
            <Cell>
               <Data ss:Type="String">Bridgtown</Data>
            </Cell>
            <Cell>
               <Data ss:Type="String">/ApplicationResponse/cac:ReceiverParty/cac:PartyLegalEntity/cac:RegistrationAddress/cbc:CityName</Data>
            </Cell>
            <Cell>
               <Data ss:Type="Number">4</Data>
            </Cell>
            <Cell>
               <Data ss:Type="Number">5900</Data>
            </Cell>
         </Row>
         <Row>
            <Cell>
               <Data ss:Type="String">1..1</Data>
            </Cell>
            <Cell>
               <Data ss:Type="String">•  •  •  •  cac:Country</Data>
            </Cell>
            <Cell>
               <Data ss:Type="String">Contry </Data>
            </Cell>
            <Cell>
               <Data ss:Type="String">The residens country for the delivery customer party.</Data>
            </Cell>
            <Cell>
               <Data ss:Type="String"/>
            </Cell>
            <Cell>
               <Data ss:Type="String">/ApplicationResponse/cac:ReceiverParty/cac:PartyLegalEntity/cac:RegistrationAddress/cac:Country</Data>
            </Cell>
            <Cell>
               <Data ss:Type="Number">4</Data>
            </Cell>
            <Cell>
               <Data ss:Type="Number">6000</Data>
            </Cell>
         </Row>
         <Row>
            <Cell>
               <Data ss:Type="String">1..1</Data>
            </Cell>
            <Cell>
               <Data ss:Type="String">•  •  •  •  •  cbc:IdentificationCode</Data>
            </Cell>
            <Cell>
               <Data ss:Type="String">Contry code </Data>
            </Cell>
            <Cell>
               <Data ss:Type="String"/>
            </Cell>
            <Cell>
               <Data ss:Type="String">UK</Data>
            </Cell>
            <Cell>
               <Data ss:Type="String">/ApplicationResponse/cac:ReceiverParty/cac:PartyLegalEntity/cac:RegistrationAddress/cac:Country/cbc:IdentificationCode</Data>
            </Cell>
            <Cell>
               <Data ss:Type="Number">5</Data>
            </Cell>
            <Cell>
               <Data ss:Type="Number">6100</Data>
            </Cell>
         </Row>
         <Row>
            <Cell>
               <Data ss:Type="String">0..1</Data>
            </Cell>
            <Cell>
               <Data ss:Type="String">•  •  cac:Contact</Data>
            </Cell>
            <Cell>
               <Data ss:Type="String">Contact </Data>
            </Cell>
            <Cell>
               <Data ss:Type="String"/>
            </Cell>
            <Cell>
               <Data ss:Type="String"/>
            </Cell>
            <Cell>
               <Data ss:Type="String">/ApplicationResponse/cac:ReceiverParty/cac:Contact</Data>
            </Cell>
            <Cell>
               <Data ss:Type="Number">2</Data>
            </Cell>
            <Cell>
               <Data ss:Type="Number">6200</Data>
            </Cell>
         </Row>
         <Row>
            <Cell>
               <Data ss:Type="String">1..1</Data>
            </Cell>
            <Cell>
               <Data ss:Type="String">•  •  •  cbc:Name</Data>
            </Cell>
            <Cell>
               <Data ss:Type="String">Contact name </Data>
            </Cell>
            <Cell>
               <Data ss:Type="String">The contact name.</Data>
            </Cell>
            <Cell>
               <Data ss:Type="String">Mrs Bouquet</Data>
            </Cell>
            <Cell>
               <Data ss:Type="String">/ApplicationResponse/cac:ReceiverParty/cac:Contact/cbc:Name</Data>
            </Cell>
            <Cell>
               <Data ss:Type="Number">3</Data>
            </Cell>
            <Cell>
               <Data ss:Type="Number">6300</Data>
            </Cell>
         </Row>
         <Row>
            <Cell>
               <Data ss:Type="String">1..1</Data>
            </Cell>
            <Cell>
               <Data ss:Type="String">•  •  •  cbc:Telephone</Data>
            </Cell>
            <Cell>
               <Data ss:Type="String">Telephone </Data>
            </Cell>
            <Cell>
               <Data ss:Type="String">The phone number of the contact.</Data>
            </Cell>
            <Cell>
               <Data ss:Type="String">0158 1233714</Data>
            </Cell>
            <Cell>
               <Data ss:Type="String">/ApplicationResponse/cac:ReceiverParty/cac:Contact/cbc:Telephone</Data>
            </Cell>
            <Cell>
               <Data ss:Type="Number">3</Data>
            </Cell>
            <Cell>
               <Data ss:Type="Number">6400</Data>
            </Cell>
         </Row>
         <Row>
            <Cell>
               <Data ss:Type="String">1..1</Data>
            </Cell>
            <Cell>
               <Data ss:Type="String">•  •  •  cbc:ElectronicMail</Data>
            </Cell>
            <Cell>
               <Data ss:Type="String">Contact email address </Data>
            </Cell>
            <Cell>
               <Data ss:Type="String">The electronic mail of the contact.</Data>
            </Cell>
            <Cell>
               <Data ss:Type="String">bouquet@fpconsortial.co.uk</Data>
            </Cell>
            <Cell>
               <Data ss:Type="String">/ApplicationResponse/cac:ReceiverParty/cac:Contact/cbc:ElectronicMail</Data>
            </Cell>
            <Cell>
               <Data ss:Type="Number">3</Data>
            </Cell>
            <Cell>
               <Data ss:Type="Number">6500</Data>
            </Cell>
         </Row>
         <Row>
            <Cell>
               <Data ss:Type="String">1..1</Data>
            </Cell>
            <Cell>
               <Data ss:Type="String">•  cac:DocumentResponse</Data>
            </Cell>
            <Cell>
               <Data ss:Type="String">Document response</Data>
            </Cell>
            <Cell>
               <Data ss:Type="String">The document response is used to indicate the result of business document validation. The element 'cac:DocumentResponse/cac:Response/cbc:ResponseCode' MUST contain the overall result code.</Data>
            </Cell>
            <Cell>
               <Data ss:Type="String"/>
            </Cell>
            <Cell>
               <Data ss:Type="String">/ApplicationResponse/cac:DocumentResponse</Data>
            </Cell>
            <Cell>
               <Data ss:Type="Number">1</Data>
            </Cell>
            <Cell>
               <Data ss:Type="Number">6600</Data>
            </Cell>
         </Row>
         <Row>
            <Cell>
               <Data ss:Type="String">1..1</Data>
            </Cell>
            <Cell>
               <Data ss:Type="String">•  •  cac:Response</Data>
            </Cell>
            <Cell>
               <Data ss:Type="String">Response information</Data>
            </Cell>
            <Cell>
               <Data ss:Type="String"/>
            </Cell>
            <Cell>
               <Data ss:Type="String"/>
            </Cell>
            <Cell>
               <Data ss:Type="String">/ApplicationResponse/cac:DocumentResponse/cac:Response</Data>
            </Cell>
            <Cell>
               <Data ss:Type="Number">2</Data>
            </Cell>
            <Cell>
               <Data ss:Type="Number">6700</Data>
            </Cell>
         </Row>
         <Row>
            <Cell>
               <Data ss:Type="String">1..1</Data>
            </Cell>
            <Cell>
               <Data ss:Type="String">•  •  •  cbc:ResponseCode</Data>
            </Cell>
            <Cell>
               <Data ss:Type="String">Message response code</Data>
            </Cell>
            <Cell>
               <Data ss:Type="String">A code signifying the type of response</Data>
            </Cell>
            <Cell>
               <Data ss:Type="String">RE</Data>
            </Cell>
            <Cell>
               <Data ss:Type="String">/ApplicationResponse/cac:DocumentResponse/cac:Response/cbc:ResponseCode</Data>
            </Cell>
            <Cell>
               <Data ss:Type="Number">3</Data>
            </Cell>
            <Cell>
               <Data ss:Type="Number">6800</Data>
            </Cell>
         </Row>
         <Row>
            <Cell>
               <Data ss:Type="String">0..1</Data>
            </Cell>
            <Cell>
               <Data ss:Type="String">•  •  •  cbc:Description</Data>
            </Cell>
            <Cell>
               <Data ss:Type="String">Response textual notes</Data>
            </Cell>
            <Cell>
               <Data ss:Type="String">Used to make any comments or instructions relevant to the response. The use of this element requires manual assessment by the receiver.</Data>
            </Cell>
            <Cell>
               <Data ss:Type="String">Rejected due to validation error.</Data>
            </Cell>
            <Cell>
               <Data ss:Type="String">/ApplicationResponse/cac:DocumentResponse/cac:Response/cbc:Description</Data>
            </Cell>
            <Cell>
               <Data ss:Type="Number">3</Data>
            </Cell>
            <Cell>
               <Data ss:Type="Number">6900</Data>
            </Cell>
         </Row>
         <Row>
            <Cell>
               <Data ss:Type="String">1..1</Data>
            </Cell>
            <Cell>
               <Data ss:Type="String">•  •  cac:DocumentReference</Data>
            </Cell>
            <Cell>
               <Data ss:Type="String">Document reference</Data>
            </Cell>
            <Cell>
               <Data ss:Type="String">The document reference is used to provide a reference to the envelope of the business document on which the message level response is based. The message level response message may only cover exactly one business document. The element 'cac:DocumentResponse/cac:DocumentReference/cbc:ID' MUST contain the instance identifier of the envelope of the original business document.</Data>
            </Cell>
            <Cell>
               <Data ss:Type="String"/>
            </Cell>
            <Cell>
               <Data ss:Type="String">/ApplicationResponse/cac:DocumentResponse/cac:DocumentReference</Data>
            </Cell>
            <Cell>
               <Data ss:Type="Number">2</Data>
            </Cell>
            <Cell>
               <Data ss:Type="Number">7000</Data>
            </Cell>
         </Row>
         <Row>
            <Cell>
               <Data ss:Type="String">1..1</Data>
            </Cell>
            <Cell>
               <Data ss:Type="String">•  •  •  cbc:ID</Data>
            </Cell>
            <Cell>
               <Data ss:Type="String">Document identifier</Data>
            </Cell>
            <Cell>
               <Data ss:Type="String">The id of the Despatch- or Receipt advice sent.</Data>
            </Cell>
            <Cell>
               <Data ss:Type="String">12456789</Data>
            </Cell>
            <Cell>
               <Data ss:Type="String">/ApplicationResponse/cac:DocumentResponse/cac:DocumentReference/cbc:ID</Data>
            </Cell>
            <Cell>
               <Data ss:Type="Number">3</Data>
            </Cell>
            <Cell>
               <Data ss:Type="Number">7100</Data>
            </Cell>
         </Row>
         <Row>
            <Cell>
               <Data ss:Type="String">1..1</Data>
            </Cell>
            <Cell>
               <Data ss:Type="String">•  •  •  cbc:IssueDate</Data>
            </Cell>
            <Cell>
               <Data ss:Type="String">Issue date </Data>
            </Cell>
            <Cell>
               <Data ss:Type="String">Document date time.</Data>
            </Cell>
            <Cell>
               <Data ss:Type="String">2016-08-15</Data>
            </Cell>
            <Cell>
               <Data ss:Type="String">/ApplicationResponse/cac:DocumentResponse/cac:DocumentReference/cbc:IssueDate</Data>
            </Cell>
            <Cell>
               <Data ss:Type="Number">3</Data>
            </Cell>
            <Cell>
               <Data ss:Type="Number">7200</Data>
            </Cell>
         </Row>
         <Row>
            <Cell>
               <Data ss:Type="String">1..1</Data>
            </Cell>
            <Cell>
               <Data ss:Type="String">•  •  •  cbc:IssueTime</Data>
            </Cell>
            <Cell>
               <Data ss:Type="String">Issue time </Data>
            </Cell>
            <Cell>
               <Data ss:Type="String">Document date time.</Data>
            </Cell>
            <Cell>
               <Data ss:Type="String">12:00:00</Data>
            </Cell>
            <Cell>
               <Data ss:Type="String">/ApplicationResponse/cac:DocumentResponse/cac:DocumentReference/cbc:IssueTime</Data>
            </Cell>
            <Cell>
               <Data ss:Type="Number">3</Data>
            </Cell>
            <Cell>
               <Data ss:Type="Number">7300</Data>
            </Cell>
         </Row>
         <Row>
            <Cell>
               <Data ss:Type="String">0..1</Data>
            </Cell>
            <Cell>
               <Data ss:Type="String">•  •  •  cbc:DocumentTypeCode</Data>
            </Cell>
            <Cell>
               <Data ss:Type="String">Document type code</Data>
            </Cell>
            <Cell>
               <Data ss:Type="String">Specifies if it is a reference to a Despatch or a Receipt advice.</Data>
            </Cell>
            <Cell>
               <Data ss:Type="String">351</Data>
            </Cell>
            <Cell>
               <Data ss:Type="String">/ApplicationResponse/cac:DocumentResponse/cac:DocumentReference/cbc:DocumentTypeCode</Data>
            </Cell>
            <Cell>
               <Data ss:Type="Number">3</Data>
            </Cell>
            <Cell>
               <Data ss:Type="Number">7400</Data>
            </Cell>
         </Row>
      </Table>
   </Worksheet>
</Workbook>
