<?xml version="1.0" encoding="UTF-8"?>
<Workbook xmlns="urn:schemas-microsoft-com:office:spreadsheet"
          xmlns:str="urn:fdc:difi.no:2017:vefa:structure-1"
          xmlns:msxsl="urn:schemas-microsoft-com:xslt"
          xmlns:o="urn:schemas-microsoft-com:office:office"
          xmlns:x="urn:schemas-microsoft-com:office:excel"
          xmlns:ss="urn:schemas-microsoft-com:office:spreadsheet">
   <Styles>
      <Style ss:ID="Default" ss:Name="Normal">
         <Alignment ss:Vertical="Bottom"/>
         <Borders/>
         <Font ss:FontName="Calibri"
               x:Family="Swiss"
               ss:Size="11"
               ss:Color="#000000"/>
         <Interior/>
         <NumberFormat/>
         <Protection/>
      </Style>
      <Style ss:ID="s24" ss:Name="Heading 3">
         <Borders>
            <Border ss:Position="Bottom"
                    ss:LineStyle="Continuous"
                    ss:Weight="2"
                    ss:Color="#8EA9DB"/>
         </Borders>
         <Font ss:FontName="Calibri"
               x:Family="Swiss"
               ss:Size="11"
               ss:Color="#339966"
               ss:Bold="1"/>
      </Style>
      <Style ss:ID="s63" ss:Parent="s24">
         <Borders>
            <Border ss:Position="Bottom"
                    ss:LineStyle="Continuous"
                    ss:Weight="2"
                    ss:Color="#8EA9DB"/>
         </Borders>
         <Font ss:FontName="Calibri"
               x:Family="Swiss"
               ss:Size="11"
               ss:Color="#333333"
               ss:Bold="1"/>
         <Interior/>
      </Style>
   </Styles>
   <Worksheet ss:Name="Sheet1">
      <Table>
         <Column ss:Width="30"/>
         <Column ss:Width="200"/>
         <Column ss:Width="200"/>
         <Column ss:Width="200"/>
         <Column ss:Width="200"/>
         <Column ss:Width="200"/>
         <Column ss:Width="30"/>
         <Row>
            <Cell ss:StyleID="s63">
               <Data ss:Type="String">Card</Data>
            </Cell>
            <Cell ss:StyleID="s63">
               <Data ss:Type="String">Term</Data>
            </Cell>
            <Cell ss:StyleID="s63">
               <Data ss:Type="String">Name</Data>
            </Cell>
            <Cell ss:StyleID="s63">
               <Data ss:Type="String">Description</Data>
            </Cell>
            <Cell ss:StyleID="s63">
               <Data ss:Type="String">Example</Data>
            </Cell>
            <Cell ss:StyleID="s63">
               <Data ss:Type="String">XPath</Data>
            </Cell>
            <Cell ss:StyleID="s63">
               <Data ss:Type="String">Node Level</Data>
            </Cell>
            <Cell ss:StyleID="s63">
               <Data ss:Type="String">Sequence</Data>
            </Cell>
         </Row>
         <Row>
            <Cell>
               <Data ss:Type="String">1..1</Data>
            </Cell>
            <Cell>
               <Data ss:Type="String">ubl:TransportationStatusRequest</Data>
            </Cell>
            <Cell>
               <Data ss:Type="String"/>
            </Cell>
            <Cell>
               <Data ss:Type="String"/>
            </Cell>
            <Cell>
               <Data ss:Type="String"/>
            </Cell>
            <Cell>
               <Data ss:Type="String">/ubl:TransportationStatusRequest</Data>
            </Cell>
            <Cell>
               <Data ss:Type="Number">0</Data>
            </Cell>
            <Cell>
               <Data ss:Type="Number">0</Data>
            </Cell>
         </Row>
         <Row>
            <Cell>
               <Data ss:Type="String">1..1</Data>
            </Cell>
            <Cell>
               <Data ss:Type="String">•  cbc:CustomizationID</Data>
            </Cell>
            <Cell>
               <Data ss:Type="String">Specification identification</Data>
            </Cell>
            <Cell>
               <Data ss:Type="String">Identifies the specification of content and rules that apply to the transaction.</Data>
            </Cell>
            <Cell>
               <Data ss:Type="String">urn:fdc:peppol.eu:logistics:trns:transportation_status_request:1</Data>
            </Cell>
            <Cell>
               <Data ss:Type="String">/ubl:TransportationStatusRequest/cbc:CustomizationID</Data>
            </Cell>
            <Cell>
               <Data ss:Type="Number">1</Data>
            </Cell>
            <Cell>
               <Data ss:Type="Number">100</Data>
            </Cell>
         </Row>
         <Row>
            <Cell>
               <Data ss:Type="String">1..1</Data>
            </Cell>
            <Cell>
               <Data ss:Type="String">•  cbc:ProfileID</Data>
            </Cell>
            <Cell>
               <Data ss:Type="String">Profile ID</Data>
            </Cell>
            <Cell>
               <Data ss:Type="String">Identifies the Peppol profile or business process context in which the transaction appears.</Data>
            </Cell>
            <Cell>
               <Data ss:Type="String">urn:fdc:peppol.eu:logistics:bis:transportation_status_w_request:1</Data>
            </Cell>
            <Cell>
               <Data ss:Type="String">/ubl:TransportationStatusRequest/cbc:ProfileID</Data>
            </Cell>
            <Cell>
               <Data ss:Type="Number">1</Data>
            </Cell>
            <Cell>
               <Data ss:Type="Number">200</Data>
            </Cell>
         </Row>
         <Row>
            <Cell>
               <Data ss:Type="String">1..1</Data>
            </Cell>
            <Cell>
               <Data ss:Type="String">•  cbc:ID</Data>
            </Cell>
            <Cell>
               <Data ss:Type="String">Document identifier</Data>
            </Cell>
            <Cell>
               <Data ss:Type="String">An transaction instance must contain an identifier. The identifier enables positive referencing the document instance for various purposes including referencing between transactions that are part of the same process.</Data>
            </Cell>
            <Cell>
               <Data ss:Type="String">TSR_1</Data>
            </Cell>
            <Cell>
               <Data ss:Type="String">/ubl:TransportationStatusRequest/cbc:ID</Data>
            </Cell>
            <Cell>
               <Data ss:Type="Number">1</Data>
            </Cell>
            <Cell>
               <Data ss:Type="Number">300</Data>
            </Cell>
         </Row>
         <Row>
            <Cell>
               <Data ss:Type="String">1..1</Data>
            </Cell>
            <Cell>
               <Data ss:Type="String">•  cbc:IssueDate</Data>
            </Cell>
            <Cell>
               <Data ss:Type="String">Issue Date</Data>
            </Cell>
            <Cell>
               <Data ss:Type="String">The date when the transporation status request was issued. Format = "YYYY-MM-DD".</Data>
            </Cell>
            <Cell>
               <Data ss:Type="String">2011-10-06</Data>
            </Cell>
            <Cell>
               <Data ss:Type="String">/ubl:TransportationStatusRequest/cbc:IssueDate</Data>
            </Cell>
            <Cell>
               <Data ss:Type="Number">1</Data>
            </Cell>
            <Cell>
               <Data ss:Type="Number">400</Data>
            </Cell>
         </Row>
         <Row>
            <Cell>
               <Data ss:Type="String">1..1 1..1</Data>
            </Cell>
            <Cell>
               <Data ss:Type="String">•  cbc:IssueTime</Data>
            </Cell>
            <Cell>
               <Data ss:Type="String">Issue Time</Data>
            </Cell>
            <Cell>
               <Data ss:Type="String">The time when the transportation status request was issued. Format = "hh:mm:ss".</Data>
            </Cell>
            <Cell>
               <Data ss:Type="String">09:29:30</Data>
            </Cell>
            <Cell>
               <Data ss:Type="String">/ubl:TransportationStatusRequest/cbc:IssueTime</Data>
            </Cell>
            <Cell>
               <Data ss:Type="Number">1</Data>
            </Cell>
            <Cell>
               <Data ss:Type="Number">500</Data>
            </Cell>
         </Row>
         <Row>
            <Cell>
               <Data ss:Type="String">1..1</Data>
            </Cell>
            <Cell>
               <Data ss:Type="String">•  cbc:ShippingOrderID</Data>
            </Cell>
            <Cell>
               <Data ss:Type="String">Shipping Order ID </Data>
            </Cell>
            <Cell>
               <Data ss:Type="String">An identifier (in the form of a reference number) of the Shipping Order or Forwarding Instruction associated with this shipment.</Data>
            </Cell>
            <Cell>
               <Data ss:Type="String">KHN23-44044</Data>
            </Cell>
            <Cell>
               <Data ss:Type="String">/ubl:TransportationStatusRequest/cbc:ShippingOrderID</Data>
            </Cell>
            <Cell>
               <Data ss:Type="Number">1</Data>
            </Cell>
            <Cell>
               <Data ss:Type="Number">600</Data>
            </Cell>
         </Row>
         <Row>
            <Cell>
               <Data ss:Type="String">O</Data>
            </Cell>
            <Cell>
               <Data ss:Type="String">•  •  @schemeID</Data>
            </Cell>
            <Cell>
               <Data ss:Type="String"/>
            </Cell>
            <Cell>
               <Data ss:Type="String"/>
            </Cell>
            <Cell>
               <Data ss:Type="String">zzz</Data>
            </Cell>
            <Cell>
               <Data ss:Type="String">/ubl:TransportationStatusRequest/cbc:ShippingOrderID/schemeID</Data>
            </Cell>
            <Cell>
               <Data ss:Type="Number">2</Data>
            </Cell>
            <Cell>
               <Data ss:Type="Number">700</Data>
            </Cell>
         </Row>
         <Row>
            <Cell>
               <Data ss:Type="String">1..1</Data>
            </Cell>
            <Cell>
               <Data ss:Type="String">•  cbc:TransportationStatusTypeCode</Data>
            </Cell>
            <Cell>
               <Data ss:Type="String">Transportation Status Type Code</Data>
            </Cell>
            <Cell>
               <Data ss:Type="String">The type of the transportation status code.</Data>
            </Cell>
            <Cell>
               <Data ss:Type="String">1</Data>
            </Cell>
            <Cell>
               <Data ss:Type="String">/ubl:TransportationStatusRequest/cbc:TransportationStatusTypeCode</Data>
            </Cell>
            <Cell>
               <Data ss:Type="Number">1</Data>
            </Cell>
            <Cell>
               <Data ss:Type="Number">800</Data>
            </Cell>
         </Row>
         <Row>
            <Cell>
               <Data ss:Type="String">1..1</Data>
            </Cell>
            <Cell>
               <Data ss:Type="String">•  cac:SenderParty</Data>
            </Cell>
            <Cell>
               <Data ss:Type="String">Sender party </Data>
            </Cell>
            <Cell>
               <Data ss:Type="String">The party sending the transportation status request.</Data>
            </Cell>
            <Cell>
               <Data ss:Type="String"/>
            </Cell>
            <Cell>
               <Data ss:Type="String">/ubl:TransportationStatusRequest/cac:SenderParty</Data>
            </Cell>
            <Cell>
               <Data ss:Type="Number">1</Data>
            </Cell>
            <Cell>
               <Data ss:Type="Number">900</Data>
            </Cell>
         </Row>
         <Row>
            <Cell>
               <Data ss:Type="String">1..1</Data>
            </Cell>
            <Cell>
               <Data ss:Type="String">•  •  cbc:EndpointID</Data>
            </Cell>
            <Cell>
               <Data ss:Type="String">Sender party electronic address </Data>
            </Cell>
            <Cell>
               <Data ss:Type="String">The endpoint for the sender party.</Data>
            </Cell>
            <Cell>
               <Data ss:Type="String">41955619</Data>
            </Cell>
            <Cell>
               <Data ss:Type="String">/ubl:TransportationStatusRequest/cac:SenderParty/cbc:EndpointID</Data>
            </Cell>
            <Cell>
               <Data ss:Type="Number">2</Data>
            </Cell>
            <Cell>
               <Data ss:Type="Number">1000</Data>
            </Cell>
         </Row>
         <Row>
            <Cell>
               <Data ss:Type="String">M</Data>
            </Cell>
            <Cell>
               <Data ss:Type="String">•  •  •  @schemeID</Data>
            </Cell>
            <Cell>
               <Data ss:Type="String">Scheme identifier</Data>
            </Cell>
            <Cell>
               <Data ss:Type="String">Scheme identifier for electronic address</Data>
            </Cell>
            <Cell>
               <Data ss:Type="String">0198</Data>
            </Cell>
            <Cell>
               <Data ss:Type="String">/ubl:TransportationStatusRequest/cac:SenderParty/cbc:EndpointID/schemeID</Data>
            </Cell>
            <Cell>
               <Data ss:Type="Number">3</Data>
            </Cell>
            <Cell>
               <Data ss:Type="Number">1100</Data>
            </Cell>
         </Row>
         <Row>
            <Cell>
               <Data ss:Type="String">0..1</Data>
            </Cell>
            <Cell>
               <Data ss:Type="String">•  •  cac:PartyIdentification</Data>
            </Cell>
            <Cell>
               <Data ss:Type="String">Sender party identification </Data>
            </Cell>
            <Cell>
               <Data ss:Type="String">An identifier for the sender party as known to the receiver party.</Data>
            </Cell>
            <Cell>
               <Data ss:Type="String"/>
            </Cell>
            <Cell>
               <Data ss:Type="String">/ubl:TransportationStatusRequest/cac:SenderParty/cac:PartyIdentification</Data>
            </Cell>
            <Cell>
               <Data ss:Type="Number">2</Data>
            </Cell>
            <Cell>
               <Data ss:Type="Number">1200</Data>
            </Cell>
         </Row>
         <Row>
            <Cell>
               <Data ss:Type="String">1..1</Data>
            </Cell>
            <Cell>
               <Data ss:Type="String">•  •  •  cbc:ID</Data>
            </Cell>
            <Cell>
               <Data ss:Type="String">ID </Data>
            </Cell>
            <Cell>
               <Data ss:Type="String"/>
            </Cell>
            <Cell>
               <Data ss:Type="String">7300010000001</Data>
            </Cell>
            <Cell>
               <Data ss:Type="String">/ubl:TransportationStatusRequest/cac:SenderParty/cac:PartyIdentification/cbc:ID</Data>
            </Cell>
            <Cell>
               <Data ss:Type="Number">3</Data>
            </Cell>
            <Cell>
               <Data ss:Type="Number">1300</Data>
            </Cell>
         </Row>
         <Row>
            <Cell>
               <Data ss:Type="String">O</Data>
            </Cell>
            <Cell>
               <Data ss:Type="String">•  •  •  •  @schemeID</Data>
            </Cell>
            <Cell>
               <Data ss:Type="String"/>
            </Cell>
            <Cell>
               <Data ss:Type="String"/>
            </Cell>
            <Cell>
               <Data ss:Type="String">0088</Data>
            </Cell>
            <Cell>
               <Data ss:Type="String">/ubl:TransportationStatusRequest/cac:SenderParty/cac:PartyIdentification/cbc:ID/schemeID</Data>
            </Cell>
            <Cell>
               <Data ss:Type="Number">4</Data>
            </Cell>
            <Cell>
               <Data ss:Type="Number">1400</Data>
            </Cell>
         </Row>
         <Row>
            <Cell>
               <Data ss:Type="String">0..1</Data>
            </Cell>
            <Cell>
               <Data ss:Type="String">•  •  cac:PartyName</Data>
            </Cell>
            <Cell>
               <Data ss:Type="String">Party name </Data>
            </Cell>
            <Cell>
               <Data ss:Type="String"/>
            </Cell>
            <Cell>
               <Data ss:Type="String"/>
            </Cell>
            <Cell>
               <Data ss:Type="String">/ubl:TransportationStatusRequest/cac:SenderParty/cac:PartyName</Data>
            </Cell>
            <Cell>
               <Data ss:Type="Number">2</Data>
            </Cell>
            <Cell>
               <Data ss:Type="Number">1500</Data>
            </Cell>
         </Row>
         <Row>
            <Cell>
               <Data ss:Type="String">1..1</Data>
            </Cell>
            <Cell>
               <Data ss:Type="String">•  •  •  cbc:Name</Data>
            </Cell>
            <Cell>
               <Data ss:Type="String">Sender party name</Data>
            </Cell>
            <Cell>
               <Data ss:Type="String">The name of the sender party.</Data>
            </Cell>
            <Cell>
               <Data ss:Type="String">Leman</Data>
            </Cell>
            <Cell>
               <Data ss:Type="String">/ubl:TransportationStatusRequest/cac:SenderParty/cac:PartyName/cbc:Name</Data>
            </Cell>
            <Cell>
               <Data ss:Type="Number">3</Data>
            </Cell>
            <Cell>
               <Data ss:Type="Number">1600</Data>
            </Cell>
         </Row>
         <Row>
            <Cell>
               <Data ss:Type="String">0..1</Data>
            </Cell>
            <Cell>
               <Data ss:Type="String">•  •  cac:PostalAddress</Data>
            </Cell>
            <Cell>
               <Data ss:Type="String">Postal address </Data>
            </Cell>
            <Cell>
               <Data ss:Type="String">The postal address for the sender party.</Data>
            </Cell>
            <Cell>
               <Data ss:Type="String"/>
            </Cell>
            <Cell>
               <Data ss:Type="String">/ubl:TransportationStatusRequest/cac:SenderParty/cac:PostalAddress</Data>
            </Cell>
            <Cell>
               <Data ss:Type="Number">2</Data>
            </Cell>
            <Cell>
               <Data ss:Type="Number">1700</Data>
            </Cell>
         </Row>
         <Row>
            <Cell>
               <Data ss:Type="String">0..1</Data>
            </Cell>
            <Cell>
               <Data ss:Type="String">•  •  •  cbc:StreetName</Data>
            </Cell>
            <Cell>
               <Data ss:Type="String">Address line 1 </Data>
            </Cell>
            <Cell>
               <Data ss:Type="String">The main address line in a postal address usually the street name and number.</Data>
            </Cell>
            <Cell>
               <Data ss:Type="String">Ventrupvej 6</Data>
            </Cell>
            <Cell>
               <Data ss:Type="String">/ubl:TransportationStatusRequest/cac:SenderParty/cac:PostalAddress/cbc:StreetName</Data>
            </Cell>
            <Cell>
               <Data ss:Type="Number">3</Data>
            </Cell>
            <Cell>
               <Data ss:Type="Number">1800</Data>
            </Cell>
         </Row>
         <Row>
            <Cell>
               <Data ss:Type="String">0..1</Data>
            </Cell>
            <Cell>
               <Data ss:Type="String">•  •  •  cbc:AdditionalStreetName</Data>
            </Cell>
            <Cell>
               <Data ss:Type="String">Address line 2 </Data>
            </Cell>
            <Cell>
               <Data ss:Type="String">An additional address line in a postal address that can be used to give further details supplementing the main line. Common use are secondary house number in a complex or in a building.</Data>
            </Cell>
            <Cell>
               <Data ss:Type="String">Greve Landsby</Data>
            </Cell>
            <Cell>
               <Data ss:Type="String">/ubl:TransportationStatusRequest/cac:SenderParty/cac:PostalAddress/cbc:AdditionalStreetName</Data>
            </Cell>
            <Cell>
               <Data ss:Type="Number">3</Data>
            </Cell>
            <Cell>
               <Data ss:Type="Number">1900</Data>
            </Cell>
         </Row>
         <Row>
            <Cell>
               <Data ss:Type="String">0..1</Data>
            </Cell>
            <Cell>
               <Data ss:Type="String">•  •  •  cbc:CityName</Data>
            </Cell>
            <Cell>
               <Data ss:Type="String">City </Data>
            </Cell>
            <Cell>
               <Data ss:Type="String">The common name of the city where the postal address is. The name is written in full rather than as a code.</Data>
            </Cell>
            <Cell>
               <Data ss:Type="String">Greve</Data>
            </Cell>
            <Cell>
               <Data ss:Type="String">/ubl:TransportationStatusRequest/cac:SenderParty/cac:PostalAddress/cbc:CityName</Data>
            </Cell>
            <Cell>
               <Data ss:Type="Number">3</Data>
            </Cell>
            <Cell>
               <Data ss:Type="Number">2000</Data>
            </Cell>
         </Row>
         <Row>
            <Cell>
               <Data ss:Type="String">0..1</Data>
            </Cell>
            <Cell>
               <Data ss:Type="String">•  •  •  cbc:PostalZone</Data>
            </Cell>
            <Cell>
               <Data ss:Type="String">Post code </Data>
            </Cell>
            <Cell>
               <Data ss:Type="String">The identifier for an addressable group of properties according to the relevant national postal service, such as a ZIP code or Post Code.</Data>
            </Cell>
            <Cell>
               <Data ss:Type="String">2670</Data>
            </Cell>
            <Cell>
               <Data ss:Type="String">/ubl:TransportationStatusRequest/cac:SenderParty/cac:PostalAddress/cbc:PostalZone</Data>
            </Cell>
            <Cell>
               <Data ss:Type="Number">3</Data>
            </Cell>
            <Cell>
               <Data ss:Type="Number">2100</Data>
            </Cell>
         </Row>
         <Row>
            <Cell>
               <Data ss:Type="String">0..1</Data>
            </Cell>
            <Cell>
               <Data ss:Type="String">•  •  •  cbc:CountrySubentity</Data>
            </Cell>
            <Cell>
               <Data ss:Type="String">Country sub entity </Data>
            </Cell>
            <Cell>
               <Data ss:Type="String">For specifying a region, county, state, province etc. within a country by using text.</Data>
            </Cell>
            <Cell>
               <Data ss:Type="String">Region Sjælland</Data>
            </Cell>
            <Cell>
               <Data ss:Type="String">/ubl:TransportationStatusRequest/cac:SenderParty/cac:PostalAddress/cbc:CountrySubentity</Data>
            </Cell>
            <Cell>
               <Data ss:Type="Number">3</Data>
            </Cell>
            <Cell>
               <Data ss:Type="Number">2200</Data>
            </Cell>
         </Row>
         <Row>
            <Cell>
               <Data ss:Type="String">0..1</Data>
            </Cell>
            <Cell>
               <Data ss:Type="String">•  •  •  cac:AddressLine</Data>
            </Cell>
            <Cell>
               <Data ss:Type="String">Address line 3 </Data>
            </Cell>
            <Cell>
               <Data ss:Type="String">An additional address line in an address that can be used to give further details supplementing the main line.</Data>
            </Cell>
            <Cell>
               <Data ss:Type="String"/>
            </Cell>
            <Cell>
               <Data ss:Type="String">/ubl:TransportationStatusRequest/cac:SenderParty/cac:PostalAddress/cac:AddressLine</Data>
            </Cell>
            <Cell>
               <Data ss:Type="Number">3</Data>
            </Cell>
            <Cell>
               <Data ss:Type="Number">2300</Data>
            </Cell>
         </Row>
         <Row>
            <Cell>
               <Data ss:Type="String">1..1</Data>
            </Cell>
            <Cell>
               <Data ss:Type="String">•  •  •  •  cbc:Line</Data>
            </Cell>
            <Cell>
               <Data ss:Type="String"/>
            </Cell>
            <Cell>
               <Data ss:Type="String"/>
            </Cell>
            <Cell>
               <Data ss:Type="String">Bygning 5</Data>
            </Cell>
            <Cell>
               <Data ss:Type="String">/ubl:TransportationStatusRequest/cac:SenderParty/cac:PostalAddress/cac:AddressLine/cbc:Line</Data>
            </Cell>
            <Cell>
               <Data ss:Type="Number">4</Data>
            </Cell>
            <Cell>
               <Data ss:Type="Number">2400</Data>
            </Cell>
         </Row>
         <Row>
            <Cell>
               <Data ss:Type="String">1..1</Data>
            </Cell>
            <Cell>
               <Data ss:Type="String">•  •  •  cac:Country</Data>
            </Cell>
            <Cell>
               <Data ss:Type="String">Country </Data>
            </Cell>
            <Cell>
               <Data ss:Type="String"/>
            </Cell>
            <Cell>
               <Data ss:Type="String"/>
            </Cell>
            <Cell>
               <Data ss:Type="String">/ubl:TransportationStatusRequest/cac:SenderParty/cac:PostalAddress/cac:Country</Data>
            </Cell>
            <Cell>
               <Data ss:Type="Number">3</Data>
            </Cell>
            <Cell>
               <Data ss:Type="Number">2500</Data>
            </Cell>
         </Row>
         <Row>
            <Cell>
               <Data ss:Type="String">1..1</Data>
            </Cell>
            <Cell>
               <Data ss:Type="String">•  •  •  •  cbc:IdentificationCode</Data>
            </Cell>
            <Cell>
               <Data ss:Type="String">Country code </Data>
            </Cell>
            <Cell>
               <Data ss:Type="String">A code that identifies the country. The lists of valid countries are registered with the ISO 3166-1 Maintenance agency, "Codes for the representation of names of countries and their subdivisions". Codes must be according to the alpha-2 representation.</Data>
            </Cell>
            <Cell>
               <Data ss:Type="String">DK</Data>
            </Cell>
            <Cell>
               <Data ss:Type="String">/ubl:TransportationStatusRequest/cac:SenderParty/cac:PostalAddress/cac:Country/cbc:IdentificationCode</Data>
            </Cell>
            <Cell>
               <Data ss:Type="Number">4</Data>
            </Cell>
            <Cell>
               <Data ss:Type="Number">2600</Data>
            </Cell>
         </Row>
         <Row>
            <Cell>
               <Data ss:Type="String">0..1</Data>
            </Cell>
            <Cell>
               <Data ss:Type="String">•  •  cac:PartyTaxScheme</Data>
            </Cell>
            <Cell>
               <Data ss:Type="String">Party tax scheme </Data>
            </Cell>
            <Cell>
               <Data ss:Type="String">The tax information about the sender party.</Data>
            </Cell>
            <Cell>
               <Data ss:Type="String"/>
            </Cell>
            <Cell>
               <Data ss:Type="String">/ubl:TransportationStatusRequest/cac:SenderParty/cac:PartyTaxScheme</Data>
            </Cell>
            <Cell>
               <Data ss:Type="Number">2</Data>
            </Cell>
            <Cell>
               <Data ss:Type="Number">2700</Data>
            </Cell>
         </Row>
         <Row>
            <Cell>
               <Data ss:Type="String">1..1</Data>
            </Cell>
            <Cell>
               <Data ss:Type="String">•  •  •  cbc:CompanyID</Data>
            </Cell>
            <Cell>
               <Data ss:Type="String">Company ID </Data>
            </Cell>
            <Cell>
               <Data ss:Type="String">The Sender Party Value Added Tax identifer.</Data>
            </Cell>
            <Cell>
               <Data ss:Type="String">GB325456788</Data>
            </Cell>
            <Cell>
               <Data ss:Type="String">/ubl:TransportationStatusRequest/cac:SenderParty/cac:PartyTaxScheme/cbc:CompanyID</Data>
            </Cell>
            <Cell>
               <Data ss:Type="Number">3</Data>
            </Cell>
            <Cell>
               <Data ss:Type="Number">2800</Data>
            </Cell>
         </Row>
         <Row>
            <Cell>
               <Data ss:Type="String">1..1</Data>
            </Cell>
            <Cell>
               <Data ss:Type="String">•  •  •  cac:TaxScheme</Data>
            </Cell>
            <Cell>
               <Data ss:Type="String">Tax scheme </Data>
            </Cell>
            <Cell>
               <Data ss:Type="String"/>
            </Cell>
            <Cell>
               <Data ss:Type="String"/>
            </Cell>
            <Cell>
               <Data ss:Type="String">/ubl:TransportationStatusRequest/cac:SenderParty/cac:PartyTaxScheme/cac:TaxScheme</Data>
            </Cell>
            <Cell>
               <Data ss:Type="Number">3</Data>
            </Cell>
            <Cell>
               <Data ss:Type="Number">2900</Data>
            </Cell>
         </Row>
         <Row>
            <Cell>
               <Data ss:Type="String">1..1</Data>
            </Cell>
            <Cell>
               <Data ss:Type="String">•  •  •  •  cbc:ID</Data>
            </Cell>
            <Cell>
               <Data ss:Type="String">Tax scheme identifier </Data>
            </Cell>
            <Cell>
               <Data ss:Type="String">Tax scheme identifier. E.g. "VAT" or "GST".</Data>
            </Cell>
            <Cell>
               <Data ss:Type="String">VAT</Data>
            </Cell>
            <Cell>
               <Data ss:Type="String">/ubl:TransportationStatusRequest/cac:SenderParty/cac:PartyTaxScheme/cac:TaxScheme/cbc:ID</Data>
            </Cell>
            <Cell>
               <Data ss:Type="Number">4</Data>
            </Cell>
            <Cell>
               <Data ss:Type="Number">3000</Data>
            </Cell>
         </Row>
         <Row>
            <Cell>
               <Data ss:Type="String">1..1</Data>
            </Cell>
            <Cell>
               <Data ss:Type="String">•  •  cac:PartyLegalEntity</Data>
            </Cell>
            <Cell>
               <Data ss:Type="String">Party legal entity </Data>
            </Cell>
            <Cell>
               <Data ss:Type="String"/>
            </Cell>
            <Cell>
               <Data ss:Type="String"/>
            </Cell>
            <Cell>
               <Data ss:Type="String">/ubl:TransportationStatusRequest/cac:SenderParty/cac:PartyLegalEntity</Data>
            </Cell>
            <Cell>
               <Data ss:Type="Number">2</Data>
            </Cell>
            <Cell>
               <Data ss:Type="Number">3100</Data>
            </Cell>
         </Row>
         <Row>
            <Cell>
               <Data ss:Type="String">1..1</Data>
            </Cell>
            <Cell>
               <Data ss:Type="String">•  •  •  cbc:RegistrationName</Data>
            </Cell>
            <Cell>
               <Data ss:Type="String">Sender party name</Data>
            </Cell>
            <Cell>
               <Data ss:Type="String">The name of the sender party.</Data>
            </Cell>
            <Cell>
               <Data ss:Type="String">Consortial</Data>
            </Cell>
            <Cell>
               <Data ss:Type="String">/ubl:TransportationStatusRequest/cac:SenderParty/cac:PartyLegalEntity/cbc:RegistrationName</Data>
            </Cell>
            <Cell>
               <Data ss:Type="Number">3</Data>
            </Cell>
            <Cell>
               <Data ss:Type="Number">3200</Data>
            </Cell>
         </Row>
         <Row>
            <Cell>
               <Data ss:Type="String">0..1</Data>
            </Cell>
            <Cell>
               <Data ss:Type="String">•  •  •  cbc:CompanyID</Data>
            </Cell>
            <Cell>
               <Data ss:Type="String">Sender parties legal registration name </Data>
            </Cell>
            <Cell>
               <Data ss:Type="String">The official name of the party as registered with the relevant fiscal authority.</Data>
            </Cell>
            <Cell>
               <Data ss:Type="String">SC234567</Data>
            </Cell>
            <Cell>
               <Data ss:Type="String">/ubl:TransportationStatusRequest/cac:SenderParty/cac:PartyLegalEntity/cbc:CompanyID</Data>
            </Cell>
            <Cell>
               <Data ss:Type="Number">3</Data>
            </Cell>
            <Cell>
               <Data ss:Type="Number">3300</Data>
            </Cell>
         </Row>
         <Row>
            <Cell>
               <Data ss:Type="String">M</Data>
            </Cell>
            <Cell>
               <Data ss:Type="String">•  •  •  •  @schemeID</Data>
            </Cell>
            <Cell>
               <Data ss:Type="String">Scheme identifier </Data>
            </Cell>
            <Cell>
               <Data ss:Type="String">The identification scheme identifier of the sender partys legal registration identifier</Data>
            </Cell>
            <Cell>
               <Data ss:Type="String">0089</Data>
            </Cell>
            <Cell>
               <Data ss:Type="String">/ubl:TransportationStatusRequest/cac:SenderParty/cac:PartyLegalEntity/cbc:CompanyID/schemeID</Data>
            </Cell>
            <Cell>
               <Data ss:Type="Number">4</Data>
            </Cell>
            <Cell>
               <Data ss:Type="Number">3400</Data>
            </Cell>
         </Row>
         <Row>
            <Cell>
               <Data ss:Type="String">0..1</Data>
            </Cell>
            <Cell>
               <Data ss:Type="String">•  •  •  cac:RegistrationAddress</Data>
            </Cell>
            <Cell>
               <Data ss:Type="String">Legal address </Data>
            </Cell>
            <Cell>
               <Data ss:Type="String"/>
            </Cell>
            <Cell>
               <Data ss:Type="String"/>
            </Cell>
            <Cell>
               <Data ss:Type="String">/ubl:TransportationStatusRequest/cac:SenderParty/cac:PartyLegalEntity/cac:RegistrationAddress</Data>
            </Cell>
            <Cell>
               <Data ss:Type="Number">3</Data>
            </Cell>
            <Cell>
               <Data ss:Type="Number">3500</Data>
            </Cell>
         </Row>
         <Row>
            <Cell>
               <Data ss:Type="String">0..1</Data>
            </Cell>
            <Cell>
               <Data ss:Type="String">•  •  •  •  cbc:CityName</Data>
            </Cell>
            <Cell>
               <Data ss:Type="String">City name </Data>
            </Cell>
            <Cell>
               <Data ss:Type="String">The name of the city.</Data>
            </Cell>
            <Cell>
               <Data ss:Type="String">Farthing</Data>
            </Cell>
            <Cell>
               <Data ss:Type="String">/ubl:TransportationStatusRequest/cac:SenderParty/cac:PartyLegalEntity/cac:RegistrationAddress/cbc:CityName</Data>
            </Cell>
            <Cell>
               <Data ss:Type="Number">4</Data>
            </Cell>
            <Cell>
               <Data ss:Type="Number">3600</Data>
            </Cell>
         </Row>
         <Row>
            <Cell>
               <Data ss:Type="String">1..1</Data>
            </Cell>
            <Cell>
               <Data ss:Type="String">•  •  •  •  cac:Country</Data>
            </Cell>
            <Cell>
               <Data ss:Type="String">Country </Data>
            </Cell>
            <Cell>
               <Data ss:Type="String">The residens country for the sender party.</Data>
            </Cell>
            <Cell>
               <Data ss:Type="String"/>
            </Cell>
            <Cell>
               <Data ss:Type="String">/ubl:TransportationStatusRequest/cac:SenderParty/cac:PartyLegalEntity/cac:RegistrationAddress/cac:Country</Data>
            </Cell>
            <Cell>
               <Data ss:Type="Number">4</Data>
            </Cell>
            <Cell>
               <Data ss:Type="Number">3700</Data>
            </Cell>
         </Row>
         <Row>
            <Cell>
               <Data ss:Type="String">1..1</Data>
            </Cell>
            <Cell>
               <Data ss:Type="String">•  •  •  •  •  cbc:IdentificationCode</Data>
            </Cell>
            <Cell>
               <Data ss:Type="String">Country code </Data>
            </Cell>
            <Cell>
               <Data ss:Type="String">A code that identifies the country. The lists of valid countries are registered with the ISO 3166-1 Maintenance agency, "Codes for the representation of names of countries and their subdivisions". Codes must be according to the alpha-2 representation.</Data>
            </Cell>
            <Cell>
               <Data ss:Type="String">GB</Data>
            </Cell>
            <Cell>
               <Data ss:Type="String">/ubl:TransportationStatusRequest/cac:SenderParty/cac:PartyLegalEntity/cac:RegistrationAddress/cac:Country/cbc:IdentificationCode</Data>
            </Cell>
            <Cell>
               <Data ss:Type="Number">5</Data>
            </Cell>
            <Cell>
               <Data ss:Type="Number">3800</Data>
            </Cell>
         </Row>
         <Row>
            <Cell>
               <Data ss:Type="String">0..1</Data>
            </Cell>
            <Cell>
               <Data ss:Type="String">•  •  cac:Contact</Data>
            </Cell>
            <Cell>
               <Data ss:Type="String">Contact </Data>
            </Cell>
            <Cell>
               <Data ss:Type="String">The contact of the sender party.</Data>
            </Cell>
            <Cell>
               <Data ss:Type="String"/>
            </Cell>
            <Cell>
               <Data ss:Type="String">/ubl:TransportationStatusRequest/cac:SenderParty/cac:Contact</Data>
            </Cell>
            <Cell>
               <Data ss:Type="Number">2</Data>
            </Cell>
            <Cell>
               <Data ss:Type="Number">3900</Data>
            </Cell>
         </Row>
         <Row>
            <Cell>
               <Data ss:Type="String">0..1</Data>
            </Cell>
            <Cell>
               <Data ss:Type="String">•  •  •  cbc:Name</Data>
            </Cell>
            <Cell>
               <Data ss:Type="String">Contact name </Data>
            </Cell>
            <Cell>
               <Data ss:Type="String">The contact name.</Data>
            </Cell>
            <Cell>
               <Data ss:Type="String">Mr Sender</Data>
            </Cell>
            <Cell>
               <Data ss:Type="String">/ubl:TransportationStatusRequest/cac:SenderParty/cac:Contact/cbc:Name</Data>
            </Cell>
            <Cell>
               <Data ss:Type="Number">3</Data>
            </Cell>
            <Cell>
               <Data ss:Type="Number">4000</Data>
            </Cell>
         </Row>
         <Row>
            <Cell>
               <Data ss:Type="String">0..1</Data>
            </Cell>
            <Cell>
               <Data ss:Type="String">•  •  •  cbc:Telephone</Data>
            </Cell>
            <Cell>
               <Data ss:Type="String">Contact telephone number </Data>
            </Cell>
            <Cell>
               <Data ss:Type="String">The phone number of the contact.</Data>
            </Cell>
            <Cell>
               <Data ss:Type="String">0158 1233714</Data>
            </Cell>
            <Cell>
               <Data ss:Type="String">/ubl:TransportationStatusRequest/cac:SenderParty/cac:Contact/cbc:Telephone</Data>
            </Cell>
            <Cell>
               <Data ss:Type="Number">3</Data>
            </Cell>
            <Cell>
               <Data ss:Type="Number">4100</Data>
            </Cell>
         </Row>
         <Row>
            <Cell>
               <Data ss:Type="String">0..1</Data>
            </Cell>
            <Cell>
               <Data ss:Type="String">•  •  •  cbc:ElectronicMail</Data>
            </Cell>
            <Cell>
               <Data ss:Type="String">Contact email address </Data>
            </Cell>
            <Cell>
               <Data ss:Type="String">The electronic mail of the contact.</Data>
            </Cell>
            <Cell>
               <Data ss:Type="String">sender@consignor-company.co.uk</Data>
            </Cell>
            <Cell>
               <Data ss:Type="String">/ubl:TransportationStatusRequest/cac:SenderParty/cac:Contact/cbc:ElectronicMail</Data>
            </Cell>
            <Cell>
               <Data ss:Type="Number">3</Data>
            </Cell>
            <Cell>
               <Data ss:Type="Number">4200</Data>
            </Cell>
         </Row>
         <Row>
            <Cell>
               <Data ss:Type="String">1..1</Data>
            </Cell>
            <Cell>
               <Data ss:Type="String">•  cac:ReceiverParty</Data>
            </Cell>
            <Cell>
               <Data ss:Type="String">Receiver Party </Data>
            </Cell>
            <Cell>
               <Data ss:Type="String">The party receiving the transportation status request.</Data>
            </Cell>
            <Cell>
               <Data ss:Type="String"/>
            </Cell>
            <Cell>
               <Data ss:Type="String">/ubl:TransportationStatusRequest/cac:ReceiverParty</Data>
            </Cell>
            <Cell>
               <Data ss:Type="Number">1</Data>
            </Cell>
            <Cell>
               <Data ss:Type="Number">4300</Data>
            </Cell>
         </Row>
         <Row>
            <Cell>
               <Data ss:Type="String">1..1</Data>
            </Cell>
            <Cell>
               <Data ss:Type="String">•  •  cbc:EndpointID</Data>
            </Cell>
            <Cell>
               <Data ss:Type="String">Receiver party electronic address </Data>
            </Cell>
            <Cell>
               <Data ss:Type="String">The endpoint id for the receiver party.</Data>
            </Cell>
            <Cell>
               <Data ss:Type="String">10154596</Data>
            </Cell>
            <Cell>
               <Data ss:Type="String">/ubl:TransportationStatusRequest/cac:ReceiverParty/cbc:EndpointID</Data>
            </Cell>
            <Cell>
               <Data ss:Type="Number">2</Data>
            </Cell>
            <Cell>
               <Data ss:Type="Number">4400</Data>
            </Cell>
         </Row>
         <Row>
            <Cell>
               <Data ss:Type="String">M</Data>
            </Cell>
            <Cell>
               <Data ss:Type="String">•  •  •  @schemeID</Data>
            </Cell>
            <Cell>
               <Data ss:Type="String">Scheme identifier</Data>
            </Cell>
            <Cell>
               <Data ss:Type="String">Scheme identifier for electronic address</Data>
            </Cell>
            <Cell>
               <Data ss:Type="String">0198</Data>
            </Cell>
            <Cell>
               <Data ss:Type="String">/ubl:TransportationStatusRequest/cac:ReceiverParty/cbc:EndpointID/schemeID</Data>
            </Cell>
            <Cell>
               <Data ss:Type="Number">3</Data>
            </Cell>
            <Cell>
               <Data ss:Type="Number">4500</Data>
            </Cell>
         </Row>
         <Row>
            <Cell>
               <Data ss:Type="String">0..1</Data>
            </Cell>
            <Cell>
               <Data ss:Type="String">•  •  cac:PartyIdentification</Data>
            </Cell>
            <Cell>
               <Data ss:Type="String">Receiver party identification </Data>
            </Cell>
            <Cell>
               <Data ss:Type="String">An identifier for the sender party as known to the sender party.</Data>
            </Cell>
            <Cell>
               <Data ss:Type="String"/>
            </Cell>
            <Cell>
               <Data ss:Type="String">/ubl:TransportationStatusRequest/cac:ReceiverParty/cac:PartyIdentification</Data>
            </Cell>
            <Cell>
               <Data ss:Type="Number">2</Data>
            </Cell>
            <Cell>
               <Data ss:Type="Number">4600</Data>
            </Cell>
         </Row>
         <Row>
            <Cell>
               <Data ss:Type="String">1..1</Data>
            </Cell>
            <Cell>
               <Data ss:Type="String">•  •  •  cbc:ID</Data>
            </Cell>
            <Cell>
               <Data ss:Type="String">ID</Data>
            </Cell>
            <Cell>
               <Data ss:Type="String"/>
            </Cell>
            <Cell>
               <Data ss:Type="String">7300010000001</Data>
            </Cell>
            <Cell>
               <Data ss:Type="String">/ubl:TransportationStatusRequest/cac:ReceiverParty/cac:PartyIdentification/cbc:ID</Data>
            </Cell>
            <Cell>
               <Data ss:Type="Number">3</Data>
            </Cell>
            <Cell>
               <Data ss:Type="Number">4700</Data>
            </Cell>
         </Row>
         <Row>
            <Cell>
               <Data ss:Type="String">O</Data>
            </Cell>
            <Cell>
               <Data ss:Type="String">•  •  •  •  @schemeID</Data>
            </Cell>
            <Cell>
               <Data ss:Type="String"/>
            </Cell>
            <Cell>
               <Data ss:Type="String"/>
            </Cell>
            <Cell>
               <Data ss:Type="String">0088</Data>
            </Cell>
            <Cell>
               <Data ss:Type="String">/ubl:TransportationStatusRequest/cac:ReceiverParty/cac:PartyIdentification/cbc:ID/schemeID</Data>
            </Cell>
            <Cell>
               <Data ss:Type="Number">4</Data>
            </Cell>
            <Cell>
               <Data ss:Type="Number">4800</Data>
            </Cell>
         </Row>
         <Row>
            <Cell>
               <Data ss:Type="String">0..1</Data>
            </Cell>
            <Cell>
               <Data ss:Type="String">•  •  cac:PartyName</Data>
            </Cell>
            <Cell>
               <Data ss:Type="String">Party name </Data>
            </Cell>
            <Cell>
               <Data ss:Type="String"/>
            </Cell>
            <Cell>
               <Data ss:Type="String"/>
            </Cell>
            <Cell>
               <Data ss:Type="String">/ubl:TransportationStatusRequest/cac:ReceiverParty/cac:PartyName</Data>
            </Cell>
            <Cell>
               <Data ss:Type="Number">2</Data>
            </Cell>
            <Cell>
               <Data ss:Type="Number">4900</Data>
            </Cell>
         </Row>
         <Row>
            <Cell>
               <Data ss:Type="String">1..1</Data>
            </Cell>
            <Cell>
               <Data ss:Type="String">•  •  •  cbc:Name</Data>
            </Cell>
            <Cell>
               <Data ss:Type="String">Receiver party name </Data>
            </Cell>
            <Cell>
               <Data ss:Type="String">The name of the receiver party.</Data>
            </Cell>
            <Cell>
               <Data ss:Type="String">DHL Express</Data>
            </Cell>
            <Cell>
               <Data ss:Type="String">/ubl:TransportationStatusRequest/cac:ReceiverParty/cac:PartyName/cbc:Name</Data>
            </Cell>
            <Cell>
               <Data ss:Type="Number">3</Data>
            </Cell>
            <Cell>
               <Data ss:Type="Number">5000</Data>
            </Cell>
         </Row>
         <Row>
            <Cell>
               <Data ss:Type="String">0..1</Data>
            </Cell>
            <Cell>
               <Data ss:Type="String">•  •  cac:PostalAddress</Data>
            </Cell>
            <Cell>
               <Data ss:Type="String">Postal address </Data>
            </Cell>
            <Cell>
               <Data ss:Type="String">The postal address for the receiver party.</Data>
            </Cell>
            <Cell>
               <Data ss:Type="String"/>
            </Cell>
            <Cell>
               <Data ss:Type="String">/ubl:TransportationStatusRequest/cac:ReceiverParty/cac:PostalAddress</Data>
            </Cell>
            <Cell>
               <Data ss:Type="Number">2</Data>
            </Cell>
            <Cell>
               <Data ss:Type="Number">5100</Data>
            </Cell>
         </Row>
         <Row>
            <Cell>
               <Data ss:Type="String">0..1</Data>
            </Cell>
            <Cell>
               <Data ss:Type="String">•  •  •  cbc:StreetName</Data>
            </Cell>
            <Cell>
               <Data ss:Type="String">Address line 1 </Data>
            </Cell>
            <Cell>
               <Data ss:Type="String">The main address line in a postal address usually the street name and number.</Data>
            </Cell>
            <Cell>
               <Data ss:Type="String">Jydekrogen 14</Data>
            </Cell>
            <Cell>
               <Data ss:Type="String">/ubl:TransportationStatusRequest/cac:ReceiverParty/cac:PostalAddress/cbc:StreetName</Data>
            </Cell>
            <Cell>
               <Data ss:Type="Number">3</Data>
            </Cell>
            <Cell>
               <Data ss:Type="Number">5200</Data>
            </Cell>
         </Row>
         <Row>
            <Cell>
               <Data ss:Type="String">0..1</Data>
            </Cell>
            <Cell>
               <Data ss:Type="String">•  •  •  cbc:AdditionalStreetName</Data>
            </Cell>
            <Cell>
               <Data ss:Type="String">Address line 2 </Data>
            </Cell>
            <Cell>
               <Data ss:Type="String">An additional address line in a postal address that can be used to give further details supplementing the main line. Common use are secondary house number in a complex or in a building.</Data>
            </Cell>
            <Cell>
               <Data ss:Type="String">Indkørsel 5</Data>
            </Cell>
            <Cell>
               <Data ss:Type="String">/ubl:TransportationStatusRequest/cac:ReceiverParty/cac:PostalAddress/cbc:AdditionalStreetName</Data>
            </Cell>
            <Cell>
               <Data ss:Type="Number">3</Data>
            </Cell>
            <Cell>
               <Data ss:Type="Number">5300</Data>
            </Cell>
         </Row>
         <Row>
            <Cell>
               <Data ss:Type="String">0..1</Data>
            </Cell>
            <Cell>
               <Data ss:Type="String">•  •  •  cbc:CityName</Data>
            </Cell>
            <Cell>
               <Data ss:Type="String">City </Data>
            </Cell>
            <Cell>
               <Data ss:Type="String">The common name of the city where the postal address is. The name is written in full rather than as a code.</Data>
            </Cell>
            <Cell>
               <Data ss:Type="String">Vallensbæk Landsby</Data>
            </Cell>
            <Cell>
               <Data ss:Type="String">/ubl:TransportationStatusRequest/cac:ReceiverParty/cac:PostalAddress/cbc:CityName</Data>
            </Cell>
            <Cell>
               <Data ss:Type="Number">3</Data>
            </Cell>
            <Cell>
               <Data ss:Type="Number">5400</Data>
            </Cell>
         </Row>
         <Row>
            <Cell>
               <Data ss:Type="String">0..1</Data>
            </Cell>
            <Cell>
               <Data ss:Type="String">•  •  •  cbc:PostalZone</Data>
            </Cell>
            <Cell>
               <Data ss:Type="String">Post code </Data>
            </Cell>
            <Cell>
               <Data ss:Type="String">The identifier for an addressable group of properties according to the relevant national postal service, such as a ZIP code or Post Code.</Data>
            </Cell>
            <Cell>
               <Data ss:Type="String">2625</Data>
            </Cell>
            <Cell>
               <Data ss:Type="String">/ubl:TransportationStatusRequest/cac:ReceiverParty/cac:PostalAddress/cbc:PostalZone</Data>
            </Cell>
            <Cell>
               <Data ss:Type="Number">3</Data>
            </Cell>
            <Cell>
               <Data ss:Type="Number">5500</Data>
            </Cell>
         </Row>
         <Row>
            <Cell>
               <Data ss:Type="String">0..1</Data>
            </Cell>
            <Cell>
               <Data ss:Type="String">•  •  •  cbc:CountrySubentity</Data>
            </Cell>
            <Cell>
               <Data ss:Type="String">Country sub entity </Data>
            </Cell>
            <Cell>
               <Data ss:Type="String">For specifying a region, county, state, province etc. within a country by using text.</Data>
            </Cell>
            <Cell>
               <Data ss:Type="String">Region Hovedstaden</Data>
            </Cell>
            <Cell>
               <Data ss:Type="String">/ubl:TransportationStatusRequest/cac:ReceiverParty/cac:PostalAddress/cbc:CountrySubentity</Data>
            </Cell>
            <Cell>
               <Data ss:Type="Number">3</Data>
            </Cell>
            <Cell>
               <Data ss:Type="Number">5600</Data>
            </Cell>
         </Row>
         <Row>
            <Cell>
               <Data ss:Type="String">0..1</Data>
            </Cell>
            <Cell>
               <Data ss:Type="String">•  •  •  cac:AddressLine</Data>
            </Cell>
            <Cell>
               <Data ss:Type="String">Address line 3 </Data>
            </Cell>
            <Cell>
               <Data ss:Type="String">An additional address line in an address that can be used to give further details supplementing the main line.</Data>
            </Cell>
            <Cell>
               <Data ss:Type="String"/>
            </Cell>
            <Cell>
               <Data ss:Type="String">/ubl:TransportationStatusRequest/cac:ReceiverParty/cac:PostalAddress/cac:AddressLine</Data>
            </Cell>
            <Cell>
               <Data ss:Type="Number">3</Data>
            </Cell>
            <Cell>
               <Data ss:Type="Number">5700</Data>
            </Cell>
         </Row>
         <Row>
            <Cell>
               <Data ss:Type="String">1..1</Data>
            </Cell>
            <Cell>
               <Data ss:Type="String">•  •  •  •  cbc:Line</Data>
            </Cell>
            <Cell>
               <Data ss:Type="String"/>
            </Cell>
            <Cell>
               <Data ss:Type="String"/>
            </Cell>
            <Cell>
               <Data ss:Type="String">Bygning 5</Data>
            </Cell>
            <Cell>
               <Data ss:Type="String">/ubl:TransportationStatusRequest/cac:ReceiverParty/cac:PostalAddress/cac:AddressLine/cbc:Line</Data>
            </Cell>
            <Cell>
               <Data ss:Type="Number">4</Data>
            </Cell>
            <Cell>
               <Data ss:Type="Number">5800</Data>
            </Cell>
         </Row>
         <Row>
            <Cell>
               <Data ss:Type="String">1..1</Data>
            </Cell>
            <Cell>
               <Data ss:Type="String">•  •  •  cac:Country</Data>
            </Cell>
            <Cell>
               <Data ss:Type="String">Country </Data>
            </Cell>
            <Cell>
               <Data ss:Type="String"/>
            </Cell>
            <Cell>
               <Data ss:Type="String"/>
            </Cell>
            <Cell>
               <Data ss:Type="String">/ubl:TransportationStatusRequest/cac:ReceiverParty/cac:PostalAddress/cac:Country</Data>
            </Cell>
            <Cell>
               <Data ss:Type="Number">3</Data>
            </Cell>
            <Cell>
               <Data ss:Type="Number">5900</Data>
            </Cell>
         </Row>
         <Row>
            <Cell>
               <Data ss:Type="String">1..1</Data>
            </Cell>
            <Cell>
               <Data ss:Type="String">•  •  •  •  cbc:IdentificationCode</Data>
            </Cell>
            <Cell>
               <Data ss:Type="String">Country code </Data>
            </Cell>
            <Cell>
               <Data ss:Type="String">A code that identifies the country. The lists of valid countries are registered with the ISO 3166-1 Maintenance agency, "Codes for the representation of names of countries and their subdivisions". Codes must be according to the alpha-2 representation.</Data>
            </Cell>
            <Cell>
               <Data ss:Type="String">DK</Data>
            </Cell>
            <Cell>
               <Data ss:Type="String">/ubl:TransportationStatusRequest/cac:ReceiverParty/cac:PostalAddress/cac:Country/cbc:IdentificationCode</Data>
            </Cell>
            <Cell>
               <Data ss:Type="Number">4</Data>
            </Cell>
            <Cell>
               <Data ss:Type="Number">6000</Data>
            </Cell>
         </Row>
         <Row>
            <Cell>
               <Data ss:Type="String">0..1</Data>
            </Cell>
            <Cell>
               <Data ss:Type="String">•  •  cac:PartyTaxScheme</Data>
            </Cell>
            <Cell>
               <Data ss:Type="String">Party tax scheme </Data>
            </Cell>
            <Cell>
               <Data ss:Type="String">The tax information about the receiver party.</Data>
            </Cell>
            <Cell>
               <Data ss:Type="String"/>
            </Cell>
            <Cell>
               <Data ss:Type="String">/ubl:TransportationStatusRequest/cac:ReceiverParty/cac:PartyTaxScheme</Data>
            </Cell>
            <Cell>
               <Data ss:Type="Number">2</Data>
            </Cell>
            <Cell>
               <Data ss:Type="Number">6100</Data>
            </Cell>
         </Row>
         <Row>
            <Cell>
               <Data ss:Type="String">1..1</Data>
            </Cell>
            <Cell>
               <Data ss:Type="String">•  •  •  cbc:CompanyID</Data>
            </Cell>
            <Cell>
               <Data ss:Type="String">Company ID </Data>
            </Cell>
            <Cell>
               <Data ss:Type="String">The Receiver Party Value Added Tax identifer.</Data>
            </Cell>
            <Cell>
               <Data ss:Type="String">GB325456788</Data>
            </Cell>
            <Cell>
               <Data ss:Type="String">/ubl:TransportationStatusRequest/cac:ReceiverParty/cac:PartyTaxScheme/cbc:CompanyID</Data>
            </Cell>
            <Cell>
               <Data ss:Type="Number">3</Data>
            </Cell>
            <Cell>
               <Data ss:Type="Number">6200</Data>
            </Cell>
         </Row>
         <Row>
            <Cell>
               <Data ss:Type="String">1..1</Data>
            </Cell>
            <Cell>
               <Data ss:Type="String">•  •  •  cac:TaxScheme</Data>
            </Cell>
            <Cell>
               <Data ss:Type="String">Tax scheme </Data>
            </Cell>
            <Cell>
               <Data ss:Type="String"/>
            </Cell>
            <Cell>
               <Data ss:Type="String"/>
            </Cell>
            <Cell>
               <Data ss:Type="String">/ubl:TransportationStatusRequest/cac:ReceiverParty/cac:PartyTaxScheme/cac:TaxScheme</Data>
            </Cell>
            <Cell>
               <Data ss:Type="Number">3</Data>
            </Cell>
            <Cell>
               <Data ss:Type="Number">6300</Data>
            </Cell>
         </Row>
         <Row>
            <Cell>
               <Data ss:Type="String">1..1</Data>
            </Cell>
            <Cell>
               <Data ss:Type="String">•  •  •  •  cbc:ID</Data>
            </Cell>
            <Cell>
               <Data ss:Type="String">Tax scheme identifier </Data>
            </Cell>
            <Cell>
               <Data ss:Type="String">Tax scheme identifier. E.g. "VAT" or "GST".</Data>
            </Cell>
            <Cell>
               <Data ss:Type="String">VAT</Data>
            </Cell>
            <Cell>
               <Data ss:Type="String">/ubl:TransportationStatusRequest/cac:ReceiverParty/cac:PartyTaxScheme/cac:TaxScheme/cbc:ID</Data>
            </Cell>
            <Cell>
               <Data ss:Type="Number">4</Data>
            </Cell>
            <Cell>
               <Data ss:Type="Number">6400</Data>
            </Cell>
         </Row>
         <Row>
            <Cell>
               <Data ss:Type="String">1..1</Data>
            </Cell>
            <Cell>
               <Data ss:Type="String">•  •  cac:PartyLegalEntity</Data>
            </Cell>
            <Cell>
               <Data ss:Type="String">Party Legal Entity </Data>
            </Cell>
            <Cell>
               <Data ss:Type="String">The party legal entity for the receiver party.</Data>
            </Cell>
            <Cell>
               <Data ss:Type="String"/>
            </Cell>
            <Cell>
               <Data ss:Type="String">/ubl:TransportationStatusRequest/cac:ReceiverParty/cac:PartyLegalEntity</Data>
            </Cell>
            <Cell>
               <Data ss:Type="Number">2</Data>
            </Cell>
            <Cell>
               <Data ss:Type="Number">6500</Data>
            </Cell>
         </Row>
         <Row>
            <Cell>
               <Data ss:Type="String">1..1</Data>
            </Cell>
            <Cell>
               <Data ss:Type="String">•  •  •  cbc:RegistrationName</Data>
            </Cell>
            <Cell>
               <Data ss:Type="String">Receiver party name</Data>
            </Cell>
            <Cell>
               <Data ss:Type="String">The name of the receiver party.</Data>
            </Cell>
            <Cell>
               <Data ss:Type="String">Consortial</Data>
            </Cell>
            <Cell>
               <Data ss:Type="String">/ubl:TransportationStatusRequest/cac:ReceiverParty/cac:PartyLegalEntity/cbc:RegistrationName</Data>
            </Cell>
            <Cell>
               <Data ss:Type="Number">3</Data>
            </Cell>
            <Cell>
               <Data ss:Type="Number">6600</Data>
            </Cell>
         </Row>
         <Row>
            <Cell>
               <Data ss:Type="String">0..1</Data>
            </Cell>
            <Cell>
               <Data ss:Type="String">•  •  •  cbc:CompanyID</Data>
            </Cell>
            <Cell>
               <Data ss:Type="String">Receiver parties legal registration name </Data>
            </Cell>
            <Cell>
               <Data ss:Type="String">The official name of the party as registered with the relevant fiscal authority.</Data>
            </Cell>
            <Cell>
               <Data ss:Type="String">SC234567</Data>
            </Cell>
            <Cell>
               <Data ss:Type="String">/ubl:TransportationStatusRequest/cac:ReceiverParty/cac:PartyLegalEntity/cbc:CompanyID</Data>
            </Cell>
            <Cell>
               <Data ss:Type="Number">3</Data>
            </Cell>
            <Cell>
               <Data ss:Type="Number">6700</Data>
            </Cell>
         </Row>
         <Row>
            <Cell>
               <Data ss:Type="String">M</Data>
            </Cell>
            <Cell>
               <Data ss:Type="String">•  •  •  •  @schemeID</Data>
            </Cell>
            <Cell>
               <Data ss:Type="String">Scheme identifier </Data>
            </Cell>
            <Cell>
               <Data ss:Type="String">The identification scheme identifier of the receiver parties legal registration identifier</Data>
            </Cell>
            <Cell>
               <Data ss:Type="String">0089</Data>
            </Cell>
            <Cell>
               <Data ss:Type="String">/ubl:TransportationStatusRequest/cac:ReceiverParty/cac:PartyLegalEntity/cbc:CompanyID/schemeID</Data>
            </Cell>
            <Cell>
               <Data ss:Type="Number">4</Data>
            </Cell>
            <Cell>
               <Data ss:Type="Number">6800</Data>
            </Cell>
         </Row>
         <Row>
            <Cell>
               <Data ss:Type="String">0..1</Data>
            </Cell>
            <Cell>
               <Data ss:Type="String">•  •  •  cac:RegistrationAddress</Data>
            </Cell>
            <Cell>
               <Data ss:Type="String">Legal address </Data>
            </Cell>
            <Cell>
               <Data ss:Type="String"/>
            </Cell>
            <Cell>
               <Data ss:Type="String"/>
            </Cell>
            <Cell>
               <Data ss:Type="String">/ubl:TransportationStatusRequest/cac:ReceiverParty/cac:PartyLegalEntity/cac:RegistrationAddress</Data>
            </Cell>
            <Cell>
               <Data ss:Type="Number">3</Data>
            </Cell>
            <Cell>
               <Data ss:Type="Number">6900</Data>
            </Cell>
         </Row>
         <Row>
            <Cell>
               <Data ss:Type="String">0..1</Data>
            </Cell>
            <Cell>
               <Data ss:Type="String">•  •  •  •  cbc:CityName</Data>
            </Cell>
            <Cell>
               <Data ss:Type="String">City name </Data>
            </Cell>
            <Cell>
               <Data ss:Type="String">The name of the city.</Data>
            </Cell>
            <Cell>
               <Data ss:Type="String">Farthing</Data>
            </Cell>
            <Cell>
               <Data ss:Type="String">/ubl:TransportationStatusRequest/cac:ReceiverParty/cac:PartyLegalEntity/cac:RegistrationAddress/cbc:CityName</Data>
            </Cell>
            <Cell>
               <Data ss:Type="Number">4</Data>
            </Cell>
            <Cell>
               <Data ss:Type="Number">7000</Data>
            </Cell>
         </Row>
         <Row>
            <Cell>
               <Data ss:Type="String">1..1</Data>
            </Cell>
            <Cell>
               <Data ss:Type="String">•  •  •  •  cac:Country</Data>
            </Cell>
            <Cell>
               <Data ss:Type="String">Country </Data>
            </Cell>
            <Cell>
               <Data ss:Type="String">The residens country for the receiver party.</Data>
            </Cell>
            <Cell>
               <Data ss:Type="String"/>
            </Cell>
            <Cell>
               <Data ss:Type="String">/ubl:TransportationStatusRequest/cac:ReceiverParty/cac:PartyLegalEntity/cac:RegistrationAddress/cac:Country</Data>
            </Cell>
            <Cell>
               <Data ss:Type="Number">4</Data>
            </Cell>
            <Cell>
               <Data ss:Type="Number">7100</Data>
            </Cell>
         </Row>
         <Row>
            <Cell>
               <Data ss:Type="String">1..1</Data>
            </Cell>
            <Cell>
               <Data ss:Type="String">•  •  •  •  •  cbc:IdentificationCode</Data>
            </Cell>
            <Cell>
               <Data ss:Type="String">Country code </Data>
            </Cell>
            <Cell>
               <Data ss:Type="String">A code that identifies the country. The lists of valid countries are registered with the ISO 3166-1 Maintenance agency, "Codes for the representation of names of countries and their subdivisions". Codes must be according to the alpha-2 representation.</Data>
            </Cell>
            <Cell>
               <Data ss:Type="String">GB</Data>
            </Cell>
            <Cell>
               <Data ss:Type="String">/ubl:TransportationStatusRequest/cac:ReceiverParty/cac:PartyLegalEntity/cac:RegistrationAddress/cac:Country/cbc:IdentificationCode</Data>
            </Cell>
            <Cell>
               <Data ss:Type="Number">5</Data>
            </Cell>
            <Cell>
               <Data ss:Type="Number">7200</Data>
            </Cell>
         </Row>
         <Row>
            <Cell>
               <Data ss:Type="String">0..1</Data>
            </Cell>
            <Cell>
               <Data ss:Type="String">•  •  cac:Contact</Data>
            </Cell>
            <Cell>
               <Data ss:Type="String">Contact </Data>
            </Cell>
            <Cell>
               <Data ss:Type="String">The contact of the receiver party.</Data>
            </Cell>
            <Cell>
               <Data ss:Type="String"/>
            </Cell>
            <Cell>
               <Data ss:Type="String">/ubl:TransportationStatusRequest/cac:ReceiverParty/cac:Contact</Data>
            </Cell>
            <Cell>
               <Data ss:Type="Number">2</Data>
            </Cell>
            <Cell>
               <Data ss:Type="Number">7300</Data>
            </Cell>
         </Row>
         <Row>
            <Cell>
               <Data ss:Type="String">0..1</Data>
            </Cell>
            <Cell>
               <Data ss:Type="String">•  •  •  cbc:Name</Data>
            </Cell>
            <Cell>
               <Data ss:Type="String">Contact name </Data>
            </Cell>
            <Cell>
               <Data ss:Type="String">The contact name.</Data>
            </Cell>
            <Cell>
               <Data ss:Type="String">Mrs Receiver</Data>
            </Cell>
            <Cell>
               <Data ss:Type="String">/ubl:TransportationStatusRequest/cac:ReceiverParty/cac:Contact/cbc:Name</Data>
            </Cell>
            <Cell>
               <Data ss:Type="Number">3</Data>
            </Cell>
            <Cell>
               <Data ss:Type="Number">7400</Data>
            </Cell>
         </Row>
         <Row>
            <Cell>
               <Data ss:Type="String">0..1</Data>
            </Cell>
            <Cell>
               <Data ss:Type="String">•  •  •  cbc:Telephone</Data>
            </Cell>
            <Cell>
               <Data ss:Type="String">Contact telephone number </Data>
            </Cell>
            <Cell>
               <Data ss:Type="String">The phone number of the contact.</Data>
            </Cell>
            <Cell>
               <Data ss:Type="String">0158 1233714</Data>
            </Cell>
            <Cell>
               <Data ss:Type="String">/ubl:TransportationStatusRequest/cac:ReceiverParty/cac:Contact/cbc:Telephone</Data>
            </Cell>
            <Cell>
               <Data ss:Type="Number">3</Data>
            </Cell>
            <Cell>
               <Data ss:Type="Number">7500</Data>
            </Cell>
         </Row>
         <Row>
            <Cell>
               <Data ss:Type="String">0..1</Data>
            </Cell>
            <Cell>
               <Data ss:Type="String">•  •  •  cbc:ElectronicMail</Data>
            </Cell>
            <Cell>
               <Data ss:Type="String">Contact email address </Data>
            </Cell>
            <Cell>
               <Data ss:Type="String">The electronic mail of the contact.</Data>
            </Cell>
            <Cell>
               <Data ss:Type="String">msreceiver@tplogistics.co.uk</Data>
            </Cell>
            <Cell>
               <Data ss:Type="String">/ubl:TransportationStatusRequest/cac:ReceiverParty/cac:Contact/cbc:ElectronicMail</Data>
            </Cell>
            <Cell>
               <Data ss:Type="Number">3</Data>
            </Cell>
            <Cell>
               <Data ss:Type="Number">7600</Data>
            </Cell>
         </Row>
         <Row>
            <Cell>
               <Data ss:Type="String">0..1</Data>
            </Cell>
            <Cell>
               <Data ss:Type="String">•  cac:TransportExecutionPlanDocumentReference</Data>
            </Cell>
            <Cell>
               <Data ss:Type="String">Additional document reference</Data>
            </Cell>
            <Cell>
               <Data ss:Type="String">Reference to a transport execution plan.</Data>
            </Cell>
            <Cell>
               <Data ss:Type="String"/>
            </Cell>
            <Cell>
               <Data ss:Type="String">/ubl:TransportationStatusRequest/cac:TransportExecutionPlanDocumentReference</Data>
            </Cell>
            <Cell>
               <Data ss:Type="Number">1</Data>
            </Cell>
            <Cell>
               <Data ss:Type="Number">7700</Data>
            </Cell>
         </Row>
         <Row>
            <Cell>
               <Data ss:Type="String">1..1</Data>
            </Cell>
            <Cell>
               <Data ss:Type="String">•  •  cbc:ID</Data>
            </Cell>
            <Cell>
               <Data ss:Type="String">Identity of the reference</Data>
            </Cell>
            <Cell>
               <Data ss:Type="String">The reference number of added document</Data>
            </Cell>
            <Cell>
               <Data ss:Type="String">7648779</Data>
            </Cell>
            <Cell>
               <Data ss:Type="String">/ubl:TransportationStatusRequest/cac:TransportExecutionPlanDocumentReference/cbc:ID</Data>
            </Cell>
            <Cell>
               <Data ss:Type="Number">2</Data>
            </Cell>
            <Cell>
               <Data ss:Type="Number">7800</Data>
            </Cell>
         </Row>
         <Row>
            <Cell>
               <Data ss:Type="String">0..1</Data>
            </Cell>
            <Cell>
               <Data ss:Type="String">•  •  cbc:IssueDate</Data>
            </Cell>
            <Cell>
               <Data ss:Type="String">Issue Date</Data>
            </Cell>
            <Cell>
               <Data ss:Type="String">The Issue Date when the transport execution plan request was issued</Data>
            </Cell>
            <Cell>
               <Data ss:Type="String">2021-09-29</Data>
            </Cell>
            <Cell>
               <Data ss:Type="String">/ubl:TransportationStatusRequest/cac:TransportExecutionPlanDocumentReference/cbc:IssueDate</Data>
            </Cell>
            <Cell>
               <Data ss:Type="Number">2</Data>
            </Cell>
            <Cell>
               <Data ss:Type="Number">7900</Data>
            </Cell>
         </Row>
         <Row>
            <Cell>
               <Data ss:Type="String">0..1</Data>
            </Cell>
            <Cell>
               <Data ss:Type="String">•  •  cbc:IssueTime</Data>
            </Cell>
            <Cell>
               <Data ss:Type="String">Issue Time</Data>
            </Cell>
            <Cell>
               <Data ss:Type="String">The Issue time when the transport execution plan request was issued</Data>
            </Cell>
            <Cell>
               <Data ss:Type="String">07:49:00</Data>
            </Cell>
            <Cell>
               <Data ss:Type="String">/ubl:TransportationStatusRequest/cac:TransportExecutionPlanDocumentReference/cbc:IssueTime</Data>
            </Cell>
            <Cell>
               <Data ss:Type="Number">2</Data>
            </Cell>
            <Cell>
               <Data ss:Type="Number">8000</Data>
            </Cell>
         </Row>
         <Row>
            <Cell>
               <Data ss:Type="String">0..1</Data>
            </Cell>
            <Cell>
               <Data ss:Type="String">•  cac:Consignment</Data>
            </Cell>
            <Cell>
               <Data ss:Type="String">Consignment information </Data>
            </Cell>
            <Cell>
               <Data ss:Type="String">The consignment related to this transportation status.</Data>
            </Cell>
            <Cell>
               <Data ss:Type="String"/>
            </Cell>
            <Cell>
               <Data ss:Type="String">/ubl:TransportationStatusRequest/cac:Consignment</Data>
            </Cell>
            <Cell>
               <Data ss:Type="Number">1</Data>
            </Cell>
            <Cell>
               <Data ss:Type="Number">8100</Data>
            </Cell>
         </Row>
         <Row>
            <Cell>
               <Data ss:Type="String">1..1</Data>
            </Cell>
            <Cell>
               <Data ss:Type="String">•  •  cbc:ID</Data>
            </Cell>
            <Cell>
               <Data ss:Type="String">Consignment identifier </Data>
            </Cell>
            <Cell>
               <Data ss:Type="String">Id for the consignment, often a number from the Transport Service provider.</Data>
            </Cell>
            <Cell>
               <Data ss:Type="String">12535157654567654</Data>
            </Cell>
            <Cell>
               <Data ss:Type="String">/ubl:TransportationStatusRequest/cac:Consignment/cbc:ID</Data>
            </Cell>
            <Cell>
               <Data ss:Type="Number">2</Data>
            </Cell>
            <Cell>
               <Data ss:Type="Number">8200</Data>
            </Cell>
         </Row>
         <Row>
            <Cell>
               <Data ss:Type="String">0..n</Data>
            </Cell>
            <Cell>
               <Data ss:Type="String">•  •  cac:TransportEvent</Data>
            </Cell>
            <Cell>
               <Data ss:Type="String">Transport event </Data>
            </Cell>
            <Cell>
               <Data ss:Type="String">A transport event in this consignment a status is requested for.</Data>
            </Cell>
            <Cell>
               <Data ss:Type="String"/>
            </Cell>
            <Cell>
               <Data ss:Type="String">/ubl:TransportationStatusRequest/cac:Consignment/cac:TransportEvent</Data>
            </Cell>
            <Cell>
               <Data ss:Type="Number">2</Data>
            </Cell>
            <Cell>
               <Data ss:Type="Number">8300</Data>
            </Cell>
         </Row>
         <Row>
            <Cell>
               <Data ss:Type="String">0..1</Data>
            </Cell>
            <Cell>
               <Data ss:Type="String">•  •  •  cbc:IdentificationID</Data>
            </Cell>
            <Cell>
               <Data ss:Type="String">Identifier pickup transport event </Data>
            </Cell>
            <Cell>
               <Data ss:Type="String">An identifier for this pickup transport event within an agreed event identification scheme.</Data>
            </Cell>
            <Cell>
               <Data ss:Type="String">21412312412</Data>
            </Cell>
            <Cell>
               <Data ss:Type="String">/ubl:TransportationStatusRequest/cac:Consignment/cac:TransportEvent/cbc:IdentificationID</Data>
            </Cell>
            <Cell>
               <Data ss:Type="Number">3</Data>
            </Cell>
            <Cell>
               <Data ss:Type="Number">8400</Data>
            </Cell>
         </Row>
         <Row>
            <Cell>
               <Data ss:Type="String">0..1</Data>
            </Cell>
            <Cell>
               <Data ss:Type="String">•  •  •  cbc:TransportEventTypeCode</Data>
            </Cell>
            <Cell>
               <Data ss:Type="String">Transport Event Type Code </Data>
            </Cell>
            <Cell>
               <Data ss:Type="String">A code specifying the requested transport event type.</Data>
            </Cell>
            <Cell>
               <Data ss:Type="String">1</Data>
            </Cell>
            <Cell>
               <Data ss:Type="String">/ubl:TransportationStatusRequest/cac:Consignment/cac:TransportEvent/cbc:TransportEventTypeCode</Data>
            </Cell>
            <Cell>
               <Data ss:Type="Number">3</Data>
            </Cell>
            <Cell>
               <Data ss:Type="Number">8500</Data>
            </Cell>
         </Row>
         <Row>
            <Cell>
               <Data ss:Type="String">0..n</Data>
            </Cell>
            <Cell>
               <Data ss:Type="String">•  •  cac:TransportHandlingUnit</Data>
            </Cell>
            <Cell>
               <Data ss:Type="String">Transport handling unit </Data>
            </Cell>
            <Cell>
               <Data ss:Type="String">A transport handling unit from witch a status is requested</Data>
            </Cell>
            <Cell>
               <Data ss:Type="String"/>
            </Cell>
            <Cell>
               <Data ss:Type="String">/ubl:TransportationStatusRequest/cac:Consignment/cac:TransportHandlingUnit</Data>
            </Cell>
            <Cell>
               <Data ss:Type="Number">2</Data>
            </Cell>
            <Cell>
               <Data ss:Type="Number">8600</Data>
            </Cell>
         </Row>
         <Row>
            <Cell>
               <Data ss:Type="String">1..1</Data>
            </Cell>
            <Cell>
               <Data ss:Type="String">•  •  •  cbc:ID</Data>
            </Cell>
            <Cell>
               <Data ss:Type="String">Identifier transport handling unit </Data>
            </Cell>
            <Cell>
               <Data ss:Type="String">The SSCC identification code of this Transport Handling Unit.</Data>
            </Cell>
            <Cell>
               <Data ss:Type="String">11111222222222</Data>
            </Cell>
            <Cell>
               <Data ss:Type="String">/ubl:TransportationStatusRequest/cac:Consignment/cac:TransportHandlingUnit/cbc:ID</Data>
            </Cell>
            <Cell>
               <Data ss:Type="Number">3</Data>
            </Cell>
            <Cell>
               <Data ss:Type="Number">8700</Data>
            </Cell>
         </Row>
         <Row>
            <Cell>
               <Data ss:Type="String">O</Data>
            </Cell>
            <Cell>
               <Data ss:Type="String">•  •  •  •  @schemeID</Data>
            </Cell>
            <Cell>
               <Data ss:Type="String"/>
            </Cell>
            <Cell>
               <Data ss:Type="String"/>
            </Cell>
            <Cell>
               <Data ss:Type="String">sscc</Data>
            </Cell>
            <Cell>
               <Data ss:Type="String">/ubl:TransportationStatusRequest/cac:Consignment/cac:TransportHandlingUnit/cbc:ID/schemeID</Data>
            </Cell>
            <Cell>
               <Data ss:Type="Number">4</Data>
            </Cell>
            <Cell>
               <Data ss:Type="Number">8800</Data>
            </Cell>
         </Row>
      </Table>
   </Worksheet>
</Workbook>
