<?xml version="1.0" encoding="UTF-8"?>
<Workbook xmlns="urn:schemas-microsoft-com:office:spreadsheet"
          xmlns:str="urn:fdc:difi.no:2017:vefa:structure-1"
          xmlns:msxsl="urn:schemas-microsoft-com:xslt"
          xmlns:o="urn:schemas-microsoft-com:office:office"
          xmlns:x="urn:schemas-microsoft-com:office:excel"
          xmlns:ss="urn:schemas-microsoft-com:office:spreadsheet">
   <Styles>
      <Style ss:ID="Default" ss:Name="Normal">
         <Alignment ss:Vertical="Bottom"/>
         <Borders/>
         <Font ss:FontName="Calibri"
               x:Family="Swiss"
               ss:Size="11"
               ss:Color="#000000"/>
         <Interior/>
         <NumberFormat/>
         <Protection/>
      </Style>
      <Style ss:ID="s24" ss:Name="Heading 3">
         <Borders>
            <Border ss:Position="Bottom"
                    ss:LineStyle="Continuous"
                    ss:Weight="2"
                    ss:Color="#8EA9DB"/>
         </Borders>
         <Font ss:FontName="Calibri"
               x:Family="Swiss"
               ss:Size="11"
               ss:Color="#339966"
               ss:Bold="1"/>
      </Style>
      <Style ss:ID="s63" ss:Parent="s24">
         <Borders>
            <Border ss:Position="Bottom"
                    ss:LineStyle="Continuous"
                    ss:Weight="2"
                    ss:Color="#8EA9DB"/>
         </Borders>
         <Font ss:FontName="Calibri"
               x:Family="Swiss"
               ss:Size="11"
               ss:Color="#333333"
               ss:Bold="1"/>
         <Interior/>
      </Style>
   </Styles>
   <Worksheet ss:Name="Sheet1">
      <Table>
         <Column ss:Width="30"/>
         <Column ss:Width="200"/>
         <Column ss:Width="200"/>
         <Column ss:Width="200"/>
         <Column ss:Width="200"/>
         <Column ss:Width="200"/>
         <Column ss:Width="30"/>
         <Row>
            <Cell ss:StyleID="s63">
               <Data ss:Type="String">Card</Data>
            </Cell>
            <Cell ss:StyleID="s63">
               <Data ss:Type="String">Term</Data>
            </Cell>
            <Cell ss:StyleID="s63">
               <Data ss:Type="String">Name</Data>
            </Cell>
            <Cell ss:StyleID="s63">
               <Data ss:Type="String">Description</Data>
            </Cell>
            <Cell ss:StyleID="s63">
               <Data ss:Type="String">Example</Data>
            </Cell>
            <Cell ss:StyleID="s63">
               <Data ss:Type="String">XPath</Data>
            </Cell>
            <Cell ss:StyleID="s63">
               <Data ss:Type="String">Node Level</Data>
            </Cell>
            <Cell ss:StyleID="s63">
               <Data ss:Type="String">Sequence</Data>
            </Cell>
         </Row>
         <Row>
            <Cell>
               <Data ss:Type="String">1..1</Data>
            </Cell>
            <Cell>
               <Data ss:Type="String">ubl:WeightStatement</Data>
            </Cell>
            <Cell>
               <Data ss:Type="String"/>
            </Cell>
            <Cell>
               <Data ss:Type="String"/>
            </Cell>
            <Cell>
               <Data ss:Type="String"/>
            </Cell>
            <Cell>
               <Data ss:Type="String">/ubl:WeightStatement</Data>
            </Cell>
            <Cell>
               <Data ss:Type="Number">0</Data>
            </Cell>
            <Cell>
               <Data ss:Type="Number">0</Data>
            </Cell>
         </Row>
         <Row>
            <Cell>
               <Data ss:Type="String">1..1</Data>
            </Cell>
            <Cell>
               <Data ss:Type="String">•  cbc:CustomizationID</Data>
            </Cell>
            <Cell>
               <Data ss:Type="String">Specification identification</Data>
            </Cell>
            <Cell>
               <Data ss:Type="String">Identifies the specification of content and rules that apply to the transaction.</Data>
            </Cell>
            <Cell>
               <Data ss:Type="String">urn:fdc:peppol.eu:logistics:trns:weight_statement:1</Data>
            </Cell>
            <Cell>
               <Data ss:Type="String">/ubl:WeightStatement/cbc:CustomizationID</Data>
            </Cell>
            <Cell>
               <Data ss:Type="Number">1</Data>
            </Cell>
            <Cell>
               <Data ss:Type="Number">100</Data>
            </Cell>
         </Row>
         <Row>
            <Cell>
               <Data ss:Type="String">1..1</Data>
            </Cell>
            <Cell>
               <Data ss:Type="String">•  cbc:ProfileID</Data>
            </Cell>
            <Cell>
               <Data ss:Type="String">Business process type identifier</Data>
            </Cell>
            <Cell>
               <Data ss:Type="String">Identifies the BII profile or business process context in which the transaction appears.</Data>
            </Cell>
            <Cell>
               <Data ss:Type="String">urn:fdc:peppol.eu:logistics:bis:weight_statement:1</Data>
            </Cell>
            <Cell>
               <Data ss:Type="String">/ubl:WeightStatement/cbc:ProfileID</Data>
            </Cell>
            <Cell>
               <Data ss:Type="Number">1</Data>
            </Cell>
            <Cell>
               <Data ss:Type="Number">200</Data>
            </Cell>
         </Row>
         <Row>
            <Cell>
               <Data ss:Type="String">1..1</Data>
            </Cell>
            <Cell>
               <Data ss:Type="String">•  cbc:ID</Data>
            </Cell>
            <Cell>
               <Data ss:Type="String">Document identifier</Data>
            </Cell>
            <Cell>
               <Data ss:Type="String">Unique identity identifying the weight statement. An transaction instance must contain an identifier. The identifier enables positive referencing the document instance for various purposes including referencing between transactions that are part of the same process.</Data>
            </Cell>
            <Cell>
               <Data ss:Type="String">GOA294107</Data>
            </Cell>
            <Cell>
               <Data ss:Type="String">/ubl:WeightStatement/cbc:ID</Data>
            </Cell>
            <Cell>
               <Data ss:Type="Number">1</Data>
            </Cell>
            <Cell>
               <Data ss:Type="Number">300</Data>
            </Cell>
         </Row>
         <Row>
            <Cell>
               <Data ss:Type="String">1..1</Data>
            </Cell>
            <Cell>
               <Data ss:Type="String">•  cbc:IssueDate</Data>
            </Cell>
            <Cell>
               <Data ss:Type="String">Weight statement issue date</Data>
            </Cell>
            <Cell>
               <Data ss:Type="String">The date when the weight statement is issued. Format = "YYYY-MM-DD"</Data>
            </Cell>
            <Cell>
               <Data ss:Type="String">2016-11-03</Data>
            </Cell>
            <Cell>
               <Data ss:Type="String">/ubl:WeightStatement/cbc:IssueDate</Data>
            </Cell>
            <Cell>
               <Data ss:Type="Number">1</Data>
            </Cell>
            <Cell>
               <Data ss:Type="Number">400</Data>
            </Cell>
         </Row>
         <Row>
            <Cell>
               <Data ss:Type="String">1..1</Data>
            </Cell>
            <Cell>
               <Data ss:Type="String">•  cbc:IssueTime</Data>
            </Cell>
            <Cell>
               <Data ss:Type="String">Weight statement issue time</Data>
            </Cell>
            <Cell>
               <Data ss:Type="String">The time when the Weight Statement is issued. Format = "hh:mm:ss+timezone". Timezone is optional to use. If omitted, the local timezone where the document was issued should be assumed.</Data>
            </Cell>
            <Cell>
               <Data ss:Type="String">09:30:00+01:00</Data>
            </Cell>
            <Cell>
               <Data ss:Type="String">/ubl:WeightStatement/cbc:IssueTime</Data>
            </Cell>
            <Cell>
               <Data ss:Type="Number">1</Data>
            </Cell>
            <Cell>
               <Data ss:Type="Number">500</Data>
            </Cell>
         </Row>
         <Row>
            <Cell>
               <Data ss:Type="String">1..1</Data>
            </Cell>
            <Cell>
               <Data ss:Type="String">•  cbc:WeightStatementTypeCode</Data>
            </Cell>
            <Cell>
               <Data ss:Type="String">Weight statement type code</Data>
            </Cell>
            <Cell>
               <Data ss:Type="String">01 = Outbound delivery 02 = Inbound delivery</Data>
            </Cell>
            <Cell>
               <Data ss:Type="String">01</Data>
            </Cell>
            <Cell>
               <Data ss:Type="String">/ubl:WeightStatement/cbc:WeightStatementTypeCode</Data>
            </Cell>
            <Cell>
               <Data ss:Type="Number">1</Data>
            </Cell>
            <Cell>
               <Data ss:Type="Number">600</Data>
            </Cell>
         </Row>
         <Row>
            <Cell>
               <Data ss:Type="String">1..1</Data>
            </Cell>
            <Cell>
               <Data ss:Type="String">•  cac:SenderParty</Data>
            </Cell>
            <Cell>
               <Data ss:Type="String">Sender Party</Data>
            </Cell>
            <Cell>
               <Data ss:Type="String">The party sending this weight statement (e.g. Weighing Station, Shipper, Freight Forwarder, Carrier, ...).</Data>
            </Cell>
            <Cell>
               <Data ss:Type="String"/>
            </Cell>
            <Cell>
               <Data ss:Type="String">/ubl:WeightStatement/cac:SenderParty</Data>
            </Cell>
            <Cell>
               <Data ss:Type="Number">1</Data>
            </Cell>
            <Cell>
               <Data ss:Type="Number">700</Data>
            </Cell>
         </Row>
         <Row>
            <Cell>
               <Data ss:Type="String">1..1</Data>
            </Cell>
            <Cell>
               <Data ss:Type="String">•  •  cbc:EndpointID</Data>
            </Cell>
            <Cell>
               <Data ss:Type="String">Senders electronic address</Data>
            </Cell>
            <Cell>
               <Data ss:Type="String">Identifies the senders partys electronic address</Data>
            </Cell>
            <Cell>
               <Data ss:Type="String">7300010000001</Data>
            </Cell>
            <Cell>
               <Data ss:Type="String">/ubl:WeightStatement/cac:SenderParty/cbc:EndpointID</Data>
            </Cell>
            <Cell>
               <Data ss:Type="Number">2</Data>
            </Cell>
            <Cell>
               <Data ss:Type="Number">800</Data>
            </Cell>
         </Row>
         <Row>
            <Cell>
               <Data ss:Type="String">M</Data>
            </Cell>
            <Cell>
               <Data ss:Type="String">•  •  •  @schemeID</Data>
            </Cell>
            <Cell>
               <Data ss:Type="String">Scheme identifier</Data>
            </Cell>
            <Cell>
               <Data ss:Type="String">Scheme identifier for electronic address</Data>
            </Cell>
            <Cell>
               <Data ss:Type="String">0088</Data>
            </Cell>
            <Cell>
               <Data ss:Type="String">/ubl:WeightStatement/cac:SenderParty/cbc:EndpointID/schemeID</Data>
            </Cell>
            <Cell>
               <Data ss:Type="Number">3</Data>
            </Cell>
            <Cell>
               <Data ss:Type="Number">900</Data>
            </Cell>
         </Row>
         <Row>
            <Cell>
               <Data ss:Type="String">1..1</Data>
            </Cell>
            <Cell>
               <Data ss:Type="String">•  •  cac:PartyIdentification</Data>
            </Cell>
            <Cell>
               <Data ss:Type="String">Party Identification</Data>
            </Cell>
            <Cell>
               <Data ss:Type="String">An identifier for this party.</Data>
            </Cell>
            <Cell>
               <Data ss:Type="String"/>
            </Cell>
            <Cell>
               <Data ss:Type="String">/ubl:WeightStatement/cac:SenderParty/cac:PartyIdentification</Data>
            </Cell>
            <Cell>
               <Data ss:Type="Number">2</Data>
            </Cell>
            <Cell>
               <Data ss:Type="Number">1000</Data>
            </Cell>
         </Row>
         <Row>
            <Cell>
               <Data ss:Type="String">1..1</Data>
            </Cell>
            <Cell>
               <Data ss:Type="String">•  •  •  cbc:ID</Data>
            </Cell>
            <Cell>
               <Data ss:Type="String">Sender party identity</Data>
            </Cell>
            <Cell>
               <Data ss:Type="String">The identifier of the Sender party</Data>
            </Cell>
            <Cell>
               <Data ss:Type="String">7300010000001</Data>
            </Cell>
            <Cell>
               <Data ss:Type="String">/ubl:WeightStatement/cac:SenderParty/cac:PartyIdentification/cbc:ID</Data>
            </Cell>
            <Cell>
               <Data ss:Type="Number">3</Data>
            </Cell>
            <Cell>
               <Data ss:Type="Number">1100</Data>
            </Cell>
         </Row>
         <Row>
            <Cell>
               <Data ss:Type="String">M</Data>
            </Cell>
            <Cell>
               <Data ss:Type="String">•  •  •  •  @schemeID</Data>
            </Cell>
            <Cell>
               <Data ss:Type="String">Scheme identifier</Data>
            </Cell>
            <Cell>
               <Data ss:Type="String">Scheme identifier for party identification</Data>
            </Cell>
            <Cell>
               <Data ss:Type="String">0088</Data>
            </Cell>
            <Cell>
               <Data ss:Type="String">/ubl:WeightStatement/cac:SenderParty/cac:PartyIdentification/cbc:ID/schemeID</Data>
            </Cell>
            <Cell>
               <Data ss:Type="Number">4</Data>
            </Cell>
            <Cell>
               <Data ss:Type="Number">1200</Data>
            </Cell>
         </Row>
         <Row>
            <Cell>
               <Data ss:Type="String">1..1</Data>
            </Cell>
            <Cell>
               <Data ss:Type="String">•  •  cac:PartyName</Data>
            </Cell>
            <Cell>
               <Data ss:Type="String">Party Name</Data>
            </Cell>
            <Cell>
               <Data ss:Type="String"/>
            </Cell>
            <Cell>
               <Data ss:Type="String"/>
            </Cell>
            <Cell>
               <Data ss:Type="String">/ubl:WeightStatement/cac:SenderParty/cac:PartyName</Data>
            </Cell>
            <Cell>
               <Data ss:Type="Number">2</Data>
            </Cell>
            <Cell>
               <Data ss:Type="Number">1300</Data>
            </Cell>
         </Row>
         <Row>
            <Cell>
               <Data ss:Type="String">1..1</Data>
            </Cell>
            <Cell>
               <Data ss:Type="String">•  •  •  cbc:Name</Data>
            </Cell>
            <Cell>
               <Data ss:Type="String">Sender name</Data>
            </Cell>
            <Cell>
               <Data ss:Type="String"/>
            </Cell>
            <Cell>
               <Data ss:Type="String">Weighing Solutions AB</Data>
            </Cell>
            <Cell>
               <Data ss:Type="String">/ubl:WeightStatement/cac:SenderParty/cac:PartyName/cbc:Name</Data>
            </Cell>
            <Cell>
               <Data ss:Type="Number">3</Data>
            </Cell>
            <Cell>
               <Data ss:Type="Number">1400</Data>
            </Cell>
         </Row>
         <Row>
            <Cell>
               <Data ss:Type="String">1..1</Data>
            </Cell>
            <Cell>
               <Data ss:Type="String">•  cac:ReceiverParty</Data>
            </Cell>
            <Cell>
               <Data ss:Type="String">Receiver information</Data>
            </Cell>
            <Cell>
               <Data ss:Type="String">The party receiving this weight statement (e.g. Carrier, Terminal Operator, ...).</Data>
            </Cell>
            <Cell>
               <Data ss:Type="String"/>
            </Cell>
            <Cell>
               <Data ss:Type="String">/ubl:WeightStatement/cac:ReceiverParty</Data>
            </Cell>
            <Cell>
               <Data ss:Type="Number">1</Data>
            </Cell>
            <Cell>
               <Data ss:Type="Number">1500</Data>
            </Cell>
         </Row>
         <Row>
            <Cell>
               <Data ss:Type="String">1..1</Data>
            </Cell>
            <Cell>
               <Data ss:Type="String">•  •  cbc:EndpointID</Data>
            </Cell>
            <Cell>
               <Data ss:Type="String">Receiver electronic address</Data>
            </Cell>
            <Cell>
               <Data ss:Type="String">Identifies the receivers partys electronic address</Data>
            </Cell>
            <Cell>
               <Data ss:Type="String">1251513513245</Data>
            </Cell>
            <Cell>
               <Data ss:Type="String">/ubl:WeightStatement/cac:ReceiverParty/cbc:EndpointID</Data>
            </Cell>
            <Cell>
               <Data ss:Type="Number">2</Data>
            </Cell>
            <Cell>
               <Data ss:Type="Number">1600</Data>
            </Cell>
         </Row>
         <Row>
            <Cell>
               <Data ss:Type="String">M</Data>
            </Cell>
            <Cell>
               <Data ss:Type="String">•  •  •  @schemeID</Data>
            </Cell>
            <Cell>
               <Data ss:Type="String">Scheme identifier</Data>
            </Cell>
            <Cell>
               <Data ss:Type="String">Scheme identifier for electronic address</Data>
            </Cell>
            <Cell>
               <Data ss:Type="String">0088</Data>
            </Cell>
            <Cell>
               <Data ss:Type="String">/ubl:WeightStatement/cac:ReceiverParty/cbc:EndpointID/schemeID</Data>
            </Cell>
            <Cell>
               <Data ss:Type="Number">3</Data>
            </Cell>
            <Cell>
               <Data ss:Type="Number">1700</Data>
            </Cell>
         </Row>
         <Row>
            <Cell>
               <Data ss:Type="String">1..1</Data>
            </Cell>
            <Cell>
               <Data ss:Type="String">•  •  cac:PartyIdentification</Data>
            </Cell>
            <Cell>
               <Data ss:Type="String">Party Identification</Data>
            </Cell>
            <Cell>
               <Data ss:Type="String">An identifier for this party.</Data>
            </Cell>
            <Cell>
               <Data ss:Type="String"/>
            </Cell>
            <Cell>
               <Data ss:Type="String">/ubl:WeightStatement/cac:ReceiverParty/cac:PartyIdentification</Data>
            </Cell>
            <Cell>
               <Data ss:Type="Number">2</Data>
            </Cell>
            <Cell>
               <Data ss:Type="Number">1800</Data>
            </Cell>
         </Row>
         <Row>
            <Cell>
               <Data ss:Type="String">1..1</Data>
            </Cell>
            <Cell>
               <Data ss:Type="String">•  •  •  cbc:ID</Data>
            </Cell>
            <Cell>
               <Data ss:Type="String">Receiver identity</Data>
            </Cell>
            <Cell>
               <Data ss:Type="String">The identifier of the receiver party</Data>
            </Cell>
            <Cell>
               <Data ss:Type="String">1251513513245</Data>
            </Cell>
            <Cell>
               <Data ss:Type="String">/ubl:WeightStatement/cac:ReceiverParty/cac:PartyIdentification/cbc:ID</Data>
            </Cell>
            <Cell>
               <Data ss:Type="Number">3</Data>
            </Cell>
            <Cell>
               <Data ss:Type="Number">1900</Data>
            </Cell>
         </Row>
         <Row>
            <Cell>
               <Data ss:Type="String">M</Data>
            </Cell>
            <Cell>
               <Data ss:Type="String">•  •  •  •  @schemeID</Data>
            </Cell>
            <Cell>
               <Data ss:Type="String">Scheme identifier</Data>
            </Cell>
            <Cell>
               <Data ss:Type="String">Scheme identifier for party identification</Data>
            </Cell>
            <Cell>
               <Data ss:Type="String">0088</Data>
            </Cell>
            <Cell>
               <Data ss:Type="String">/ubl:WeightStatement/cac:ReceiverParty/cac:PartyIdentification/cbc:ID/schemeID</Data>
            </Cell>
            <Cell>
               <Data ss:Type="Number">4</Data>
            </Cell>
            <Cell>
               <Data ss:Type="Number">2000</Data>
            </Cell>
         </Row>
         <Row>
            <Cell>
               <Data ss:Type="String">1..1</Data>
            </Cell>
            <Cell>
               <Data ss:Type="String">•  •  cac:PartyName</Data>
            </Cell>
            <Cell>
               <Data ss:Type="String">Party Name</Data>
            </Cell>
            <Cell>
               <Data ss:Type="String"/>
            </Cell>
            <Cell>
               <Data ss:Type="String"/>
            </Cell>
            <Cell>
               <Data ss:Type="String">/ubl:WeightStatement/cac:ReceiverParty/cac:PartyName</Data>
            </Cell>
            <Cell>
               <Data ss:Type="Number">2</Data>
            </Cell>
            <Cell>
               <Data ss:Type="Number">2100</Data>
            </Cell>
         </Row>
         <Row>
            <Cell>
               <Data ss:Type="String">1..1</Data>
            </Cell>
            <Cell>
               <Data ss:Type="String">•  •  •  cbc:Name</Data>
            </Cell>
            <Cell>
               <Data ss:Type="String">Receiver name</Data>
            </Cell>
            <Cell>
               <Data ss:Type="String"/>
            </Cell>
            <Cell>
               <Data ss:Type="String">Transport Management Solutions AB</Data>
            </Cell>
            <Cell>
               <Data ss:Type="String">/ubl:WeightStatement/cac:ReceiverParty/cac:PartyName/cbc:Name</Data>
            </Cell>
            <Cell>
               <Data ss:Type="Number">3</Data>
            </Cell>
            <Cell>
               <Data ss:Type="Number">2200</Data>
            </Cell>
         </Row>
         <Row>
            <Cell>
               <Data ss:Type="String">1..1</Data>
            </Cell>
            <Cell>
               <Data ss:Type="String">•  cac:WeighingParty</Data>
            </Cell>
            <Cell>
               <Data ss:Type="String">Weighing party information</Data>
            </Cell>
            <Cell>
               <Data ss:Type="String">The party executing the weight measure (e.g. Weighing Station).</Data>
            </Cell>
            <Cell>
               <Data ss:Type="String"/>
            </Cell>
            <Cell>
               <Data ss:Type="String">/ubl:WeightStatement/cac:WeighingParty</Data>
            </Cell>
            <Cell>
               <Data ss:Type="Number">1</Data>
            </Cell>
            <Cell>
               <Data ss:Type="Number">2300</Data>
            </Cell>
         </Row>
         <Row>
            <Cell>
               <Data ss:Type="String">0..1</Data>
            </Cell>
            <Cell>
               <Data ss:Type="String">•  •  cac:PartyIdentification</Data>
            </Cell>
            <Cell>
               <Data ss:Type="String">Party Identification</Data>
            </Cell>
            <Cell>
               <Data ss:Type="String">An identifier for this party.</Data>
            </Cell>
            <Cell>
               <Data ss:Type="String"/>
            </Cell>
            <Cell>
               <Data ss:Type="String">/ubl:WeightStatement/cac:WeighingParty/cac:PartyIdentification</Data>
            </Cell>
            <Cell>
               <Data ss:Type="Number">2</Data>
            </Cell>
            <Cell>
               <Data ss:Type="Number">2400</Data>
            </Cell>
         </Row>
         <Row>
            <Cell>
               <Data ss:Type="String">1..1</Data>
            </Cell>
            <Cell>
               <Data ss:Type="String">•  •  •  cbc:ID</Data>
            </Cell>
            <Cell>
               <Data ss:Type="String">Weighing party identity</Data>
            </Cell>
            <Cell>
               <Data ss:Type="String">The identifier of the Weighing party</Data>
            </Cell>
            <Cell>
               <Data ss:Type="String">5790000435951</Data>
            </Cell>
            <Cell>
               <Data ss:Type="String">/ubl:WeightStatement/cac:WeighingParty/cac:PartyIdentification/cbc:ID</Data>
            </Cell>
            <Cell>
               <Data ss:Type="Number">3</Data>
            </Cell>
            <Cell>
               <Data ss:Type="Number">2500</Data>
            </Cell>
         </Row>
         <Row>
            <Cell>
               <Data ss:Type="String">M</Data>
            </Cell>
            <Cell>
               <Data ss:Type="String">•  •  •  •  @schemeID</Data>
            </Cell>
            <Cell>
               <Data ss:Type="String">Scheme identifier</Data>
            </Cell>
            <Cell>
               <Data ss:Type="String">Scheme identifier for party identification</Data>
            </Cell>
            <Cell>
               <Data ss:Type="String">0088</Data>
            </Cell>
            <Cell>
               <Data ss:Type="String">/ubl:WeightStatement/cac:WeighingParty/cac:PartyIdentification/cbc:ID/schemeID</Data>
            </Cell>
            <Cell>
               <Data ss:Type="Number">4</Data>
            </Cell>
            <Cell>
               <Data ss:Type="Number">2600</Data>
            </Cell>
         </Row>
         <Row>
            <Cell>
               <Data ss:Type="String">1..1</Data>
            </Cell>
            <Cell>
               <Data ss:Type="String">•  •  cac:PartyName</Data>
            </Cell>
            <Cell>
               <Data ss:Type="String">Party Name</Data>
            </Cell>
            <Cell>
               <Data ss:Type="String"/>
            </Cell>
            <Cell>
               <Data ss:Type="String"/>
            </Cell>
            <Cell>
               <Data ss:Type="String">/ubl:WeightStatement/cac:WeighingParty/cac:PartyName</Data>
            </Cell>
            <Cell>
               <Data ss:Type="Number">2</Data>
            </Cell>
            <Cell>
               <Data ss:Type="Number">2700</Data>
            </Cell>
         </Row>
         <Row>
            <Cell>
               <Data ss:Type="String">1..1</Data>
            </Cell>
            <Cell>
               <Data ss:Type="String">•  •  •  cbc:Name</Data>
            </Cell>
            <Cell>
               <Data ss:Type="String">Weighing party name</Data>
            </Cell>
            <Cell>
               <Data ss:Type="String">The name of the weighing party</Data>
            </Cell>
            <Cell>
               <Data ss:Type="String">Gravel Pit Ltd.</Data>
            </Cell>
            <Cell>
               <Data ss:Type="String">/ubl:WeightStatement/cac:WeighingParty/cac:PartyName/cbc:Name</Data>
            </Cell>
            <Cell>
               <Data ss:Type="Number">3</Data>
            </Cell>
            <Cell>
               <Data ss:Type="Number">2800</Data>
            </Cell>
         </Row>
         <Row>
            <Cell>
               <Data ss:Type="String">1..1</Data>
            </Cell>
            <Cell>
               <Data ss:Type="String">•  •  cac:PhysicalLocation</Data>
            </Cell>
            <Cell>
               <Data ss:Type="String">Physical Location</Data>
            </Cell>
            <Cell>
               <Data ss:Type="String">The physical location of this party.</Data>
            </Cell>
            <Cell>
               <Data ss:Type="String"/>
            </Cell>
            <Cell>
               <Data ss:Type="String">/ubl:WeightStatement/cac:WeighingParty/cac:PhysicalLocation</Data>
            </Cell>
            <Cell>
               <Data ss:Type="Number">2</Data>
            </Cell>
            <Cell>
               <Data ss:Type="Number">2900</Data>
            </Cell>
         </Row>
         <Row>
            <Cell>
               <Data ss:Type="String">0..1</Data>
            </Cell>
            <Cell>
               <Data ss:Type="String">•  •  •  cbc:ID</Data>
            </Cell>
            <Cell>
               <Data ss:Type="String">Physical Location ID</Data>
            </Cell>
            <Cell>
               <Data ss:Type="String">Unique ID of the site for the weighing party. If possile an ID that is issued by a authority or similar.</Data>
            </Cell>
            <Cell>
               <Data ss:Type="String">0114-40-019-a</Data>
            </Cell>
            <Cell>
               <Data ss:Type="String">/ubl:WeightStatement/cac:WeighingParty/cac:PhysicalLocation/cbc:ID</Data>
            </Cell>
            <Cell>
               <Data ss:Type="Number">3</Data>
            </Cell>
            <Cell>
               <Data ss:Type="Number">3000</Data>
            </Cell>
         </Row>
         <Row>
            <Cell>
               <Data ss:Type="String">O</Data>
            </Cell>
            <Cell>
               <Data ss:Type="String">•  •  •  •  @schemeID</Data>
            </Cell>
            <Cell>
               <Data ss:Type="String"/>
            </Cell>
            <Cell>
               <Data ss:Type="String"/>
            </Cell>
            <Cell>
               <Data ss:Type="String"/>
            </Cell>
            <Cell>
               <Data ss:Type="String">/ubl:WeightStatement/cac:WeighingParty/cac:PhysicalLocation/cbc:ID/schemeID</Data>
            </Cell>
            <Cell>
               <Data ss:Type="Number">4</Data>
            </Cell>
            <Cell>
               <Data ss:Type="Number">3100</Data>
            </Cell>
         </Row>
         <Row>
            <Cell>
               <Data ss:Type="String">0..1</Data>
            </Cell>
            <Cell>
               <Data ss:Type="String">•  •  •  cbc:Name</Data>
            </Cell>
            <Cell>
               <Data ss:Type="String">Location name</Data>
            </Cell>
            <Cell>
               <Data ss:Type="String">Physical location name</Data>
            </Cell>
            <Cell>
               <Data ss:Type="String">Townsend pit</Data>
            </Cell>
            <Cell>
               <Data ss:Type="String">/ubl:WeightStatement/cac:WeighingParty/cac:PhysicalLocation/cbc:Name</Data>
            </Cell>
            <Cell>
               <Data ss:Type="Number">3</Data>
            </Cell>
            <Cell>
               <Data ss:Type="Number">3200</Data>
            </Cell>
         </Row>
         <Row>
            <Cell>
               <Data ss:Type="String">0..1</Data>
            </Cell>
            <Cell>
               <Data ss:Type="String">•  cac:ShipperParty</Data>
            </Cell>
            <Cell>
               <Data ss:Type="String">Shipper Party</Data>
            </Cell>
            <Cell>
               <Data ss:Type="String">The party transporting or shipping the items.</Data>
            </Cell>
            <Cell>
               <Data ss:Type="String"/>
            </Cell>
            <Cell>
               <Data ss:Type="String">/ubl:WeightStatement/cac:ShipperParty</Data>
            </Cell>
            <Cell>
               <Data ss:Type="Number">1</Data>
            </Cell>
            <Cell>
               <Data ss:Type="Number">3300</Data>
            </Cell>
         </Row>
         <Row>
            <Cell>
               <Data ss:Type="String">0..1</Data>
            </Cell>
            <Cell>
               <Data ss:Type="String">•  •  cac:PartyIdentification</Data>
            </Cell>
            <Cell>
               <Data ss:Type="String">Party Identification</Data>
            </Cell>
            <Cell>
               <Data ss:Type="String"/>
            </Cell>
            <Cell>
               <Data ss:Type="String"/>
            </Cell>
            <Cell>
               <Data ss:Type="String">/ubl:WeightStatement/cac:ShipperParty/cac:PartyIdentification</Data>
            </Cell>
            <Cell>
               <Data ss:Type="Number">2</Data>
            </Cell>
            <Cell>
               <Data ss:Type="Number">3400</Data>
            </Cell>
         </Row>
         <Row>
            <Cell>
               <Data ss:Type="String">1..1</Data>
            </Cell>
            <Cell>
               <Data ss:Type="String">•  •  •  cbc:ID</Data>
            </Cell>
            <Cell>
               <Data ss:Type="String">Shipping party identity</Data>
            </Cell>
            <Cell>
               <Data ss:Type="String">The identifier of the shippping party</Data>
            </Cell>
            <Cell>
               <Data ss:Type="String">5790000435951</Data>
            </Cell>
            <Cell>
               <Data ss:Type="String">/ubl:WeightStatement/cac:ShipperParty/cac:PartyIdentification/cbc:ID</Data>
            </Cell>
            <Cell>
               <Data ss:Type="Number">3</Data>
            </Cell>
            <Cell>
               <Data ss:Type="Number">3500</Data>
            </Cell>
         </Row>
         <Row>
            <Cell>
               <Data ss:Type="String">M</Data>
            </Cell>
            <Cell>
               <Data ss:Type="String">•  •  •  •  @schemeID</Data>
            </Cell>
            <Cell>
               <Data ss:Type="String">Scheme identifier</Data>
            </Cell>
            <Cell>
               <Data ss:Type="String">Scheme identifier for party identification</Data>
            </Cell>
            <Cell>
               <Data ss:Type="String">0088</Data>
            </Cell>
            <Cell>
               <Data ss:Type="String">/ubl:WeightStatement/cac:ShipperParty/cac:PartyIdentification/cbc:ID/schemeID</Data>
            </Cell>
            <Cell>
               <Data ss:Type="Number">4</Data>
            </Cell>
            <Cell>
               <Data ss:Type="Number">3600</Data>
            </Cell>
         </Row>
         <Row>
            <Cell>
               <Data ss:Type="String">1..1</Data>
            </Cell>
            <Cell>
               <Data ss:Type="String">•  •  cac:PartyName</Data>
            </Cell>
            <Cell>
               <Data ss:Type="String">Party Name</Data>
            </Cell>
            <Cell>
               <Data ss:Type="String"/>
            </Cell>
            <Cell>
               <Data ss:Type="String"/>
            </Cell>
            <Cell>
               <Data ss:Type="String">/ubl:WeightStatement/cac:ShipperParty/cac:PartyName</Data>
            </Cell>
            <Cell>
               <Data ss:Type="Number">2</Data>
            </Cell>
            <Cell>
               <Data ss:Type="Number">3700</Data>
            </Cell>
         </Row>
         <Row>
            <Cell>
               <Data ss:Type="String">1..1</Data>
            </Cell>
            <Cell>
               <Data ss:Type="String">•  •  •  cbc:Name</Data>
            </Cell>
            <Cell>
               <Data ss:Type="String">Shipper name</Data>
            </Cell>
            <Cell>
               <Data ss:Type="String">The name of the shipper</Data>
            </Cell>
            <Cell>
               <Data ss:Type="String">Tony's Trucks and Transport</Data>
            </Cell>
            <Cell>
               <Data ss:Type="String">/ubl:WeightStatement/cac:ShipperParty/cac:PartyName/cbc:Name</Data>
            </Cell>
            <Cell>
               <Data ss:Type="Number">3</Data>
            </Cell>
            <Cell>
               <Data ss:Type="Number">3800</Data>
            </Cell>
         </Row>
         <Row>
            <Cell>
               <Data ss:Type="String">1..1</Data>
            </Cell>
            <Cell>
               <Data ss:Type="String">•  cac:Shipment</Data>
            </Cell>
            <Cell>
               <Data ss:Type="String">Shipment information</Data>
            </Cell>
            <Cell>
               <Data ss:Type="String"/>
            </Cell>
            <Cell>
               <Data ss:Type="String"/>
            </Cell>
            <Cell>
               <Data ss:Type="String">/ubl:WeightStatement/cac:Shipment</Data>
            </Cell>
            <Cell>
               <Data ss:Type="Number">1</Data>
            </Cell>
            <Cell>
               <Data ss:Type="Number">3900</Data>
            </Cell>
         </Row>
         <Row>
            <Cell>
               <Data ss:Type="String">1..1</Data>
            </Cell>
            <Cell>
               <Data ss:Type="String">•  •  cbc:ID</Data>
            </Cell>
            <Cell>
               <Data ss:Type="String">Shipment identity</Data>
            </Cell>
            <Cell>
               <Data ss:Type="String">Use NA if no specific shipment ID is available</Data>
            </Cell>
            <Cell>
               <Data ss:Type="String">NA</Data>
            </Cell>
            <Cell>
               <Data ss:Type="String">/ubl:WeightStatement/cac:Shipment/cbc:ID</Data>
            </Cell>
            <Cell>
               <Data ss:Type="Number">2</Data>
            </Cell>
            <Cell>
               <Data ss:Type="Number">4000</Data>
            </Cell>
         </Row>
         <Row>
            <Cell>
               <Data ss:Type="String">1..n</Data>
            </Cell>
            <Cell>
               <Data ss:Type="String">•  •  cac:GoodsItem</Data>
            </Cell>
            <Cell>
               <Data ss:Type="String">Goods Item</Data>
            </Cell>
            <Cell>
               <Data ss:Type="String">A goods item included in this shipment.</Data>
            </Cell>
            <Cell>
               <Data ss:Type="String"/>
            </Cell>
            <Cell>
               <Data ss:Type="String">/ubl:WeightStatement/cac:Shipment/cac:GoodsItem</Data>
            </Cell>
            <Cell>
               <Data ss:Type="Number">2</Data>
            </Cell>
            <Cell>
               <Data ss:Type="Number">4100</Data>
            </Cell>
         </Row>
         <Row>
            <Cell>
               <Data ss:Type="String">1..1</Data>
            </Cell>
            <Cell>
               <Data ss:Type="String">•  •  •  cbc:ID</Data>
            </Cell>
            <Cell>
               <Data ss:Type="String">Line item identifier</Data>
            </Cell>
            <Cell>
               <Data ss:Type="String">Identifies the Line Item assigned by the weighing partner, the identifier must be unique within the order</Data>
            </Cell>
            <Cell>
               <Data ss:Type="String">1</Data>
            </Cell>
            <Cell>
               <Data ss:Type="String">/ubl:WeightStatement/cac:Shipment/cac:GoodsItem/cbc:ID</Data>
            </Cell>
            <Cell>
               <Data ss:Type="Number">3</Data>
            </Cell>
            <Cell>
               <Data ss:Type="Number">4200</Data>
            </Cell>
         </Row>
         <Row>
            <Cell>
               <Data ss:Type="String">0..1</Data>
            </Cell>
            <Cell>
               <Data ss:Type="String">•  •  •  cac:Item</Data>
            </Cell>
            <Cell>
               <Data ss:Type="String">Item</Data>
            </Cell>
            <Cell>
               <Data ss:Type="String">Product information relating to a goods item</Data>
            </Cell>
            <Cell>
               <Data ss:Type="String"/>
            </Cell>
            <Cell>
               <Data ss:Type="String">/ubl:WeightStatement/cac:Shipment/cac:GoodsItem/cac:Item</Data>
            </Cell>
            <Cell>
               <Data ss:Type="Number">3</Data>
            </Cell>
            <Cell>
               <Data ss:Type="Number">4300</Data>
            </Cell>
         </Row>
         <Row>
            <Cell>
               <Data ss:Type="String">1..1</Data>
            </Cell>
            <Cell>
               <Data ss:Type="String">•  •  •  •  cbc:Name</Data>
            </Cell>
            <Cell>
               <Data ss:Type="String">Item name</Data>
            </Cell>
            <Cell>
               <Data ss:Type="String">Name of weighed item</Data>
            </Cell>
            <Cell>
               <Data ss:Type="String">Sortering 0/2 mm krossat bergmaterial CE-märkt enligt system 2+ för användning till asfalt.</Data>
            </Cell>
            <Cell>
               <Data ss:Type="String">/ubl:WeightStatement/cac:Shipment/cac:GoodsItem/cac:Item/cbc:Name</Data>
            </Cell>
            <Cell>
               <Data ss:Type="Number">4</Data>
            </Cell>
            <Cell>
               <Data ss:Type="Number">4400</Data>
            </Cell>
         </Row>
         <Row>
            <Cell>
               <Data ss:Type="String">0..1</Data>
            </Cell>
            <Cell>
               <Data ss:Type="String">•  •  •  •  cac:BuyersItemIdentification</Data>
            </Cell>
            <Cell>
               <Data ss:Type="String">Buyers item identification</Data>
            </Cell>
            <Cell>
               <Data ss:Type="String"/>
            </Cell>
            <Cell>
               <Data ss:Type="String"/>
            </Cell>
            <Cell>
               <Data ss:Type="String">/ubl:WeightStatement/cac:Shipment/cac:GoodsItem/cac:Item/cac:BuyersItemIdentification</Data>
            </Cell>
            <Cell>
               <Data ss:Type="Number">4</Data>
            </Cell>
            <Cell>
               <Data ss:Type="Number">4500</Data>
            </Cell>
         </Row>
         <Row>
            <Cell>
               <Data ss:Type="String">1..1</Data>
            </Cell>
            <Cell>
               <Data ss:Type="String">•  •  •  •  •  cbc:ID</Data>
            </Cell>
            <Cell>
               <Data ss:Type="String">Buyers item identifier</Data>
            </Cell>
            <Cell>
               <Data ss:Type="String">An identifier, assigned by the buyer, for the item. Associates the item with its identification according to the buyers system.</Data>
            </Cell>
            <Cell>
               <Data ss:Type="String">KO2001030300</Data>
            </Cell>
            <Cell>
               <Data ss:Type="String">/ubl:WeightStatement/cac:Shipment/cac:GoodsItem/cac:Item/cac:BuyersItemIdentification/cbc:ID</Data>
            </Cell>
            <Cell>
               <Data ss:Type="Number">5</Data>
            </Cell>
            <Cell>
               <Data ss:Type="Number">4600</Data>
            </Cell>
         </Row>
         <Row>
            <Cell>
               <Data ss:Type="String">0..1</Data>
            </Cell>
            <Cell>
               <Data ss:Type="String">•  •  •  •  cac:SellersItemIdentification</Data>
            </Cell>
            <Cell>
               <Data ss:Type="String">Sellers item identification</Data>
            </Cell>
            <Cell>
               <Data ss:Type="String"/>
            </Cell>
            <Cell>
               <Data ss:Type="String"/>
            </Cell>
            <Cell>
               <Data ss:Type="String">/ubl:WeightStatement/cac:Shipment/cac:GoodsItem/cac:Item/cac:SellersItemIdentification</Data>
            </Cell>
            <Cell>
               <Data ss:Type="Number">4</Data>
            </Cell>
            <Cell>
               <Data ss:Type="Number">4700</Data>
            </Cell>
         </Row>
         <Row>
            <Cell>
               <Data ss:Type="String">1..1</Data>
            </Cell>
            <Cell>
               <Data ss:Type="String">•  •  •  •  •  cbc:ID</Data>
            </Cell>
            <Cell>
               <Data ss:Type="String">The Sellers item identifier</Data>
            </Cell>
            <Cell>
               <Data ss:Type="String">An identifier, assigned by the seller, for the item. Associates the item with its identification according to the sellers system.</Data>
            </Cell>
            <Cell>
               <Data ss:Type="String">17589683</Data>
            </Cell>
            <Cell>
               <Data ss:Type="String">/ubl:WeightStatement/cac:Shipment/cac:GoodsItem/cac:Item/cac:SellersItemIdentification/cbc:ID</Data>
            </Cell>
            <Cell>
               <Data ss:Type="Number">5</Data>
            </Cell>
            <Cell>
               <Data ss:Type="Number">4800</Data>
            </Cell>
         </Row>
         <Row>
            <Cell>
               <Data ss:Type="String">0..1</Data>
            </Cell>
            <Cell>
               <Data ss:Type="String">•  •  •  •  cac:StandardItemIdentification</Data>
            </Cell>
            <Cell>
               <Data ss:Type="String">Standard item identification</Data>
            </Cell>
            <Cell>
               <Data ss:Type="String"/>
            </Cell>
            <Cell>
               <Data ss:Type="String"/>
            </Cell>
            <Cell>
               <Data ss:Type="String">/ubl:WeightStatement/cac:Shipment/cac:GoodsItem/cac:Item/cac:StandardItemIdentification</Data>
            </Cell>
            <Cell>
               <Data ss:Type="Number">4</Data>
            </Cell>
            <Cell>
               <Data ss:Type="Number">4900</Data>
            </Cell>
         </Row>
         <Row>
            <Cell>
               <Data ss:Type="String">1..1</Data>
            </Cell>
            <Cell>
               <Data ss:Type="String">•  •  •  •  •  cbc:ID</Data>
            </Cell>
            <Cell>
               <Data ss:Type="String">Item standard identifier</Data>
            </Cell>
            <Cell>
               <Data ss:Type="String">Global Trade Item Number (GTIN) or other standardized identification. Associates the item with its identification according to a standard system.</Data>
            </Cell>
            <Cell>
               <Data ss:Type="String">1234567891234</Data>
            </Cell>
            <Cell>
               <Data ss:Type="String">/ubl:WeightStatement/cac:Shipment/cac:GoodsItem/cac:Item/cac:StandardItemIdentification/cbc:ID</Data>
            </Cell>
            <Cell>
               <Data ss:Type="Number">5</Data>
            </Cell>
            <Cell>
               <Data ss:Type="Number">5000</Data>
            </Cell>
         </Row>
         <Row>
            <Cell>
               <Data ss:Type="String">M</Data>
            </Cell>
            <Cell>
               <Data ss:Type="String">•  •  •  •  •  •  @schemeID</Data>
            </Cell>
            <Cell>
               <Data ss:Type="String">Scheme identifier</Data>
            </Cell>
            <Cell>
               <Data ss:Type="String">The identification scheme identifier of the Item standard identifier</Data>
            </Cell>
            <Cell>
               <Data ss:Type="String">0160</Data>
            </Cell>
            <Cell>
               <Data ss:Type="String">/ubl:WeightStatement/cac:Shipment/cac:GoodsItem/cac:Item/cac:StandardItemIdentification/cbc:ID/schemeID</Data>
            </Cell>
            <Cell>
               <Data ss:Type="Number">6</Data>
            </Cell>
            <Cell>
               <Data ss:Type="Number">5100</Data>
            </Cell>
         </Row>
         <Row>
            <Cell>
               <Data ss:Type="String">0..n</Data>
            </Cell>
            <Cell>
               <Data ss:Type="String">•  •  •  •  cac:CommodityClassification</Data>
            </Cell>
            <Cell>
               <Data ss:Type="String">Commodity classification</Data>
            </Cell>
            <Cell>
               <Data ss:Type="String">To classify when an item number is not sufficient.</Data>
            </Cell>
            <Cell>
               <Data ss:Type="String"/>
            </Cell>
            <Cell>
               <Data ss:Type="String">/ubl:WeightStatement/cac:Shipment/cac:GoodsItem/cac:Item/cac:CommodityClassification</Data>
            </Cell>
            <Cell>
               <Data ss:Type="Number">4</Data>
            </Cell>
            <Cell>
               <Data ss:Type="Number">5200</Data>
            </Cell>
         </Row>
         <Row>
            <Cell>
               <Data ss:Type="String">1..1</Data>
            </Cell>
            <Cell>
               <Data ss:Type="String">•  •  •  •  •  cbc:ItemClassificationCode</Data>
            </Cell>
            <Cell>
               <Data ss:Type="String">Item classification code</Data>
            </Cell>
            <Cell>
               <Data ss:Type="String">A code for classifying the item by its type or nature. Classification codes are used to allow grouping of similar items for a various purposes e.g. public procurement (CPV), e-Commerce (UNSPSC) etc.</Data>
            </Cell>
            <Cell>
               <Data ss:Type="String">KO2012140200</Data>
            </Cell>
            <Cell>
               <Data ss:Type="String">/ubl:WeightStatement/cac:Shipment/cac:GoodsItem/cac:Item/cac:CommodityClassification/cbc:ItemClassificationCode</Data>
            </Cell>
            <Cell>
               <Data ss:Type="Number">5</Data>
            </Cell>
            <Cell>
               <Data ss:Type="Number">5300</Data>
            </Cell>
         </Row>
         <Row>
            <Cell>
               <Data ss:Type="String">M</Data>
            </Cell>
            <Cell>
               <Data ss:Type="String">•  •  •  •  •  •  @listID</Data>
            </Cell>
            <Cell>
               <Data ss:Type="String">Item classification identifier identification scheme identifier</Data>
            </Cell>
            <Cell>
               <Data ss:Type="String">The identification scheme identifier of the Item classification identifier.</Data>
            </Cell>
            <Cell>
               <Data ss:Type="String">ZZZ</Data>
            </Cell>
            <Cell>
               <Data ss:Type="String">/ubl:WeightStatement/cac:Shipment/cac:GoodsItem/cac:Item/cac:CommodityClassification/cbc:ItemClassificationCode/listID</Data>
            </Cell>
            <Cell>
               <Data ss:Type="Number">6</Data>
            </Cell>
            <Cell>
               <Data ss:Type="Number">5400</Data>
            </Cell>
         </Row>
         <Row>
            <Cell>
               <Data ss:Type="String">O</Data>
            </Cell>
            <Cell>
               <Data ss:Type="String">•  •  •  •  •  •  @listVersionID</Data>
            </Cell>
            <Cell>
               <Data ss:Type="String">Item classification identifier version identification scheme identifier</Data>
            </Cell>
            <Cell>
               <Data ss:Type="String">The identification scheme version identifier of the Item classification identifier</Data>
            </Cell>
            <Cell>
               <Data ss:Type="String">4.0</Data>
            </Cell>
            <Cell>
               <Data ss:Type="String">/ubl:WeightStatement/cac:Shipment/cac:GoodsItem/cac:Item/cac:CommodityClassification/cbc:ItemClassificationCode/listVersionID</Data>
            </Cell>
            <Cell>
               <Data ss:Type="Number">6</Data>
            </Cell>
            <Cell>
               <Data ss:Type="Number">5500</Data>
            </Cell>
         </Row>
         <Row>
            <Cell>
               <Data ss:Type="String">O</Data>
            </Cell>
            <Cell>
               <Data ss:Type="String">•  •  •  •  •  •  @name</Data>
            </Cell>
            <Cell>
               <Data ss:Type="String">Clear text name equivalent of classification code</Data>
            </Cell>
            <Cell>
               <Data ss:Type="String">The textual equivalent of the code value</Data>
            </Cell>
            <Cell>
               <Data ss:Type="String">SBMI</Data>
            </Cell>
            <Cell>
               <Data ss:Type="String">/ubl:WeightStatement/cac:Shipment/cac:GoodsItem/cac:Item/cac:CommodityClassification/cbc:ItemClassificationCode/name</Data>
            </Cell>
            <Cell>
               <Data ss:Type="Number">6</Data>
            </Cell>
            <Cell>
               <Data ss:Type="Number">5600</Data>
            </Cell>
         </Row>
         <Row>
            <Cell>
               <Data ss:Type="String">1..n</Data>
            </Cell>
            <Cell>
               <Data ss:Type="String">•  •  •  cac:MeasurementDimension</Data>
            </Cell>
            <Cell>
               <Data ss:Type="String">Measurement Dimension</Data>
            </Cell>
            <Cell>
               <Data ss:Type="String">Used to specify weight and/or volume of the Goods Item.</Data>
            </Cell>
            <Cell>
               <Data ss:Type="String"/>
            </Cell>
            <Cell>
               <Data ss:Type="String">/ubl:WeightStatement/cac:Shipment/cac:GoodsItem/cac:MeasurementDimension</Data>
            </Cell>
            <Cell>
               <Data ss:Type="Number">3</Data>
            </Cell>
            <Cell>
               <Data ss:Type="Number">5700</Data>
            </Cell>
         </Row>
         <Row>
            <Cell>
               <Data ss:Type="String">1..1</Data>
            </Cell>
            <Cell>
               <Data ss:Type="String">•  •  •  •  cbc:AttributeID</Data>
            </Cell>
            <Cell>
               <Data ss:Type="String">Attribute identifier</Data>
            </Cell>
            <Cell>
               <Data ss:Type="String">To describe the type of measurement. Use UNCL 6313 subset.</Data>
            </Cell>
            <Cell>
               <Data ss:Type="String">AAF</Data>
            </Cell>
            <Cell>
               <Data ss:Type="String">/ubl:WeightStatement/cac:Shipment/cac:GoodsItem/cac:MeasurementDimension/cbc:AttributeID</Data>
            </Cell>
            <Cell>
               <Data ss:Type="Number">4</Data>
            </Cell>
            <Cell>
               <Data ss:Type="Number">5800</Data>
            </Cell>
         </Row>
         <Row>
            <Cell>
               <Data ss:Type="String">1..1</Data>
            </Cell>
            <Cell>
               <Data ss:Type="String">•  •  •  •  cbc:Measure</Data>
            </Cell>
            <Cell>
               <Data ss:Type="String">Measure</Data>
            </Cell>
            <Cell>
               <Data ss:Type="String">For the measure.</Data>
            </Cell>
            <Cell>
               <Data ss:Type="String">12.3</Data>
            </Cell>
            <Cell>
               <Data ss:Type="String">/ubl:WeightStatement/cac:Shipment/cac:GoodsItem/cac:MeasurementDimension/cbc:Measure</Data>
            </Cell>
            <Cell>
               <Data ss:Type="Number">4</Data>
            </Cell>
            <Cell>
               <Data ss:Type="Number">5900</Data>
            </Cell>
         </Row>
         <Row>
            <Cell>
               <Data ss:Type="String">M</Data>
            </Cell>
            <Cell>
               <Data ss:Type="String">•  •  •  •  •  @unitCode</Data>
            </Cell>
            <Cell>
               <Data ss:Type="String">Measure unit of measure</Data>
            </Cell>
            <Cell>
               <Data ss:Type="String">The unit of measure that applies to the measure.</Data>
            </Cell>
            <Cell>
               <Data ss:Type="String">TNE</Data>
            </Cell>
            <Cell>
               <Data ss:Type="String">/ubl:WeightStatement/cac:Shipment/cac:GoodsItem/cac:MeasurementDimension/cbc:Measure/unitCode</Data>
            </Cell>
            <Cell>
               <Data ss:Type="Number">5</Data>
            </Cell>
            <Cell>
               <Data ss:Type="Number">6000</Data>
            </Cell>
         </Row>
      </Table>
   </Worksheet>
</Workbook>
