<?xml version="1.0" encoding="ISO-8859-1"?>
<Catalogue xmlns:cac="urn:oasis:names:specification:ubl:schema:xsd:CommonAggregateComponents-2"
    xmlns:cbc="urn:oasis:names:specification:ubl:schema:xsd:CommonBasicComponents-2"
    xmlns="urn:oasis:names:specification:ubl:schema:xsd:Catalogue-2"> 
    <cbc:CustomizationID>urn:fdc:peppol.eu:poacc:trns:punch_out:3</cbc:CustomizationID>   
    <cbc:ProfileID>urn:fdc:peppol.eu:poacc:bis:punch_out:3</cbc:ProfileID>
    <cbc:ID>1387</cbc:ID>
	<cbc:ActionCode>true</cbc:ActionCode> 
	<cbc:IssueDate>2016-08-01</cbc:IssueDate>
    <cbc:IssueTime>09:00:00</cbc:IssueTime>
    <cac:ValidityPeriod>
        <cbc:EndDate>2016-08-31</cbc:EndDate>
        <cbc:EndTime>18:00:00</cbc:EndTime>
    </cac:ValidityPeriod>
    <cac:ReferencedContract>
        <cbc:ID>CRT1387</cbc:ID>
    </cac:ReferencedContract>
    <cac:ProviderParty>
        <cbc:EndpointID schemeID="DK:CVR">96567899</cbc:EndpointID>
        <cac:PartyIdentification>
            <cbc:ID schemeID="0184">96567899</cbc:ID>
        </cac:PartyIdentification>
		<cac:PartyLegalEntity>
            <cbc:RegistrationName>ABC Supplier Ltd.</cbc:RegistrationName>
        </cac:PartyLegalEntity>
    </cac:ProviderParty>
    <cac:ReceiverParty>
        <cbc:EndpointID schemeID="NO:ORGNR">984661185</cbc:EndpointID>
        <cac:PartyIdentification>
            <cbc:ID schemeID="0088">5790000435944</cbc:ID>
        </cac:PartyIdentification>
 
        <cac:PartyLegalEntity>
            <cbc:RegistrationName>DEF Customer Ltd.</cbc:RegistrationName>
        </cac:PartyLegalEntity>
        <cac:Contact>
            <cbc:ID>buyers ref no</cbc:ID>
        </cac:Contact>
    </cac:ReceiverParty>
    <cac:CatalogueLine>
        <cbc:ID>1</cbc:ID>
        <cac:LineValidityPeriod>
            <cbc:StartDate>2014-12-31</cbc:StartDate>
        </cac:LineValidityPeriod>
        <cac:RequiredItemLocationQuantity>
            <cac:Price>
                <cbc:PriceAmount currencyID="EUR">1000.00</cbc:PriceAmount>
                <cbc:BaseQuantity unitCode="C62">1</cbc:BaseQuantity>
            </cac:Price>
            <cac:DeliveryUnit>
                <cbc:BatchQuantity unitCode="C62">1</cbc:BatchQuantity>
            </cac:DeliveryUnit>
        </cac:RequiredItemLocationQuantity>
        <cac:Item>
            <cbc:Description>One Personal Computer package with a monitor and setup service</cbc:Description>
            <cbc:Name>PC computer package</cbc:Name>
            <cac:SellersItemIdentification>
                <cbc:ID>PC01</cbc:ID>
            </cac:SellersItemIdentification>
            <cac:ManufacturersItemIdentification>
                <cbc:ID>PC01349087993</cbc:ID>
            </cac:ManufacturersItemIdentification>
            <cac:StandardItemIdentification>
                <cbc:ID schemeID="0160">1234567890123</cbc:ID>
            </cac:StandardItemIdentification>
            <cac:ItemSpecificationDocumentReference>
                <cbc:ID>PC01image.jpg</cbc:ID>
                <cbc:DocumentTypeCode>PRODUCT_IMAGE</cbc:DocumentTypeCode><!--1-->
                <cac:Attachment>
                    <cbc:EmbeddedDocumentBinaryObject mimeCode="image/jpeg" filename="picture.jpg"
                        >UjBsR09EbGhjZ0dTQUxNQUFBUUNBRU1tQ1p0dU1GUXhEUzhi</cbc:EmbeddedDocumentBinaryObject>
                </cac:Attachment>
            </cac:ItemSpecificationDocumentReference>
            <cac:OriginCountry>
                <cbc:IdentificationCode>CH</cbc:IdentificationCode>
            </cac:OriginCountry>
            <cac:CommodityClassification>
                <cbc:ItemClassificationCode listID="STI">43211508</cbc:ItemClassificationCode>
            </cac:CommodityClassification>
            <!-- tag::vat-line[] -->
            <cac:ClassifiedTaxCategory>
                <cbc:ID>S</cbc:ID> <!--1-->
                <cbc:Percent>18</cbc:Percent><!--2-->
                <cac:TaxScheme>
                    <cbc:ID>VAT</cbc:ID><!--3-->
                </cac:TaxScheme>
            </cac:ClassifiedTaxCategory>
            <!-- end::vat-line[] -->
            <cac:AdditionalItemProperty>
                <cbc:Name>ServiceIndicator</cbc:Name>
                <cbc:Value>false</cbc:Value>
            </cac:AdditionalItemProperty>
            <cac:AdditionalItemProperty>
                <cbc:Name>RAM memory</cbc:Name>
                <cbc:NameCode listID="">Item property classification code</cbc:NameCode>
                <cbc:Value>16 GB</cbc:Value>
                <cbc:ValueQuantity unitCode="AD"
                    >16000000</cbc:ValueQuantity>
            </cac:AdditionalItemProperty>
            <cac:Certificate>
                <cbc:ID>EU Ecolabel</cbc:ID>
                <cbc:CertificateTypeCode listID="">NA</cbc:CertificateTypeCode>
                <cbc:CertificateType>NA</cbc:CertificateType>
                <cac:IssuerParty>
                    <cac:PartyName>
                        <cbc:Name>NA</cbc:Name>
                    </cac:PartyName>
                </cac:IssuerParty>
            </cac:Certificate>
            
        </cac:Item>
    </cac:CatalogueLine>
   
    <cac:CatalogueLine>        
        <cbc:ID>2</cbc:ID>
        <cac:RequiredItemLocationQuantity>
            <cac:Price>
                <cbc:PriceAmount currencyID="EUR">1100.00</cbc:PriceAmount>
                <cbc:BaseQuantity unitCode="C62">1</cbc:BaseQuantity>
            </cac:Price>
            <cac:DeliveryUnit>
                <cbc:BatchQuantity unitCode="C62">1</cbc:BatchQuantity>
            </cac:DeliveryUnit>
        </cac:RequiredItemLocationQuantity>

        <cac:Item>
            <cbc:Description>21 inch monitor.</cbc:Description>
            <cbc:Name>Monitor</cbc:Name>

            <cac:SellersItemIdentification>
                <cbc:ID>12345</cbc:ID>
            </cac:SellersItemIdentification>
            <cac:ManufacturersItemIdentification>
                <cbc:ID>MNTR01349087993</cbc:ID>
            </cac:ManufacturersItemIdentification>
            <cac:StandardItemIdentification>
                <cbc:ID schemeID="0160">1234567890124</cbc:ID>
            </cac:StandardItemIdentification>
            <cac:CommodityClassification>
                <cbc:ItemClassificationCode listID="STI">20101601</cbc:ItemClassificationCode>
            </cac:CommodityClassification>
            <cac:ClassifiedTaxCategory>
                <cbc:ID>S</cbc:ID>
                <cbc:Percent>18</cbc:Percent>
                <cac:TaxScheme>
                    <cbc:ID>VAT</cbc:ID>
                </cac:TaxScheme>
            </cac:ClassifiedTaxCategory>
                      <cac:AdditionalItemProperty>
                <cbc:Name>PartOf</cbc:Name>
                <cbc:Value>PC01</cbc:Value>
            </cac:AdditionalItemProperty>
        </cac:Item>
    </cac:CatalogueLine>

    <cac:CatalogueLine>  
        <cbc:ID>3</cbc:ID>
        <cac:RequiredItemLocationQuantity>
            <cac:Price>
                <cbc:PriceAmount currencyID="EUR">20.00</cbc:PriceAmount>
            </cac:Price>
            <cac:DeliveryUnit>
                <cbc:BatchQuantity unitCode="HUR">2</cbc:BatchQuantity>
            </cac:DeliveryUnit>
        </cac:RequiredItemLocationQuantity>

        <cac:Item>
            <cbc:Description>Linux installation service.</cbc:Description>
            <cbc:Name>Installation service</cbc:Name>
            <cac:SellersItemIdentification>
                <cbc:ID>6789</cbc:ID>
            </cac:SellersItemIdentification>
            <cac:ClassifiedTaxCategory>
                <cbc:ID>S</cbc:ID>
                <cbc:Percent>8</cbc:Percent>
                <cac:TaxScheme>
                    <cbc:ID>VAT</cbc:ID>
                </cac:TaxScheme>
            </cac:ClassifiedTaxCategory>

            <cac:AdditionalItemProperty>
                <cbc:Name>PartOf</cbc:Name>
                <cbc:Value>PC01</cbc:Value>
            </cac:AdditionalItemProperty>
            <cac:AdditionalItemProperty>
                <cbc:Name>ServiceIndicator</cbc:Name>
                <cbc:Value>true</cbc:Value>
            </cac:AdditionalItemProperty>
        </cac:Item>
    </cac:CatalogueLine>
</Catalogue>

