<?xml version="1.0" encoding="UTF-8"?>
<!--
                Content:
                Example for Use-case no 04 in UBL Despatch Adivce for concrete pump service.			
-->
<DespatchAdvice xmlns:xsi="http://www.w3.org/2001/XMLSchema-instance"
	xmlns="urn:oasis:names:specification:ubl:schema:xsd:DespatchAdvice-2"
	xmlns:cac="urn:oasis:names:specification:ubl:schema:xsd:CommonAggregateComponents-2"
	xmlns:cbc="urn:oasis:names:specification:ubl:schema:xsd:CommonBasicComponents-2">

	<cbc:CustomizationID>urn:fdc:peppol.eu:logistics:trns:advanced_despatch_advice:1</cbc:CustomizationID>
	<cbc:ProfileID>urn:fdc:peppol.eu:logistics:bis:despatch_advice_only:1</cbc:ProfileID>

	<cbc:ID>100481956</cbc:ID>
	<cbc:IssueDate>2023-05-03</cbc:IssueDate>
	<cbc:IssueTime>14:00:00</cbc:IssueTime>

	<cbc:DocumentStatusCode>9</cbc:DocumentStatusCode>
	<cbc:DespatchAdviceTypeCode>2</cbc:DespatchAdviceTypeCode>

	<cac:AdditionalDocumentReference>
		<cbc:ID>12345</cbc:ID>
		<cbc:DocumentType>ProjectReference</cbc:DocumentType>
	</cac:AdditionalDocumentReference>
	<cac:AdditionalDocumentReference>
		<cbc:ID>12345-7669-12125</cbc:ID>
		<cbc:DocumentType>AccountingCost</cbc:DocumentType>
	</cac:AdditionalDocumentReference>

	<cac:DespatchSupplierParty>
		<cac:Party>
			<cbc:EndpointID schemeID="0007">5560813031</cbc:EndpointID>
			<cac:PartyIdentification>
				<cbc:ID schemeID="0007">5560813031</cbc:ID>
			</cac:PartyIdentification>
			<cac:PostalAddress>
				<cbc:StreetName>Drivhjulsvägen 11</cbc:StreetName>
				<cbc:CityName>Hägersten</cbc:CityName>
				<cbc:PostalZone>126 30</cbc:PostalZone>
				<cac:Country>
					<cbc:IdentificationCode>SE</cbc:IdentificationCode>
				</cac:Country>
			</cac:PostalAddress>
			<cac:PartyLegalEntity>
				<cbc:RegistrationName>Swerock AB</cbc:RegistrationName>
			</cac:PartyLegalEntity>
			<cac:Contact>
				<cbc:Name>Kalle Kula</cbc:Name>
				<cbc:Telephone>0104599924</cbc:Telephone>
				<cbc:ElectronicMail>kalle.kula@swerock.se</cbc:ElectronicMail>
			</cac:Contact>
		</cac:Party>
	</cac:DespatchSupplierParty>

	<cac:DeliveryCustomerParty>
		<cac:Party>
			<cbc:EndpointID schemeID="0007">5560339086</cbc:EndpointID>
			<cac:PartyIdentification>
				<cbc:ID schemeID="0007">5560339086</cbc:ID>
			</cac:PartyIdentification>
			<cac:PostalAddress>
				<cbc:StreetName>Warfvinges väg 25</cbc:StreetName>
				<cbc:CityName>Stockholm</cbc:CityName>
				<cbc:PostalZone>112 74</cbc:PostalZone>
				<cac:Country>
					<cbc:IdentificationCode>SE</cbc:IdentificationCode>
				</cac:Country>
			</cac:PostalAddress>
			<cac:PartyLegalEntity>
				<cbc:RegistrationName>Skanska Sverige AB</cbc:RegistrationName>
			</cac:PartyLegalEntity>
		</cac:Party>
		<!-- Kontakt arbetsplats -->
		<cac:DeliveryContact>
			<cbc:Name>Alexander Janving</cbc:Name>
			<cbc:Telephone>010-448 00 004</cbc:Telephone>
			<cbc:ElectronicMail>some.email@skanska.se</cbc:ElectronicMail>
		</cac:DeliveryContact>
	</cac:DeliveryCustomerParty>

	<cac:BuyerCustomerParty>
		<cac:Party>
			<cac:PartyIdentification>
				<cbc:ID schemeID="0007">5560339086</cbc:ID>
			</cac:PartyIdentification>
			<cac:PartyName>
				<cbc:Name>Skanska Sverige AB</cbc:Name>
			</cac:PartyName>
			<cac:PostalAddress>
				<cbc:StreetName>Warfvinges väg 25</cbc:StreetName>
				<cbc:CityName>Stockholm</cbc:CityName>
				<cbc:PostalZone>112 74</cbc:PostalZone>
				<cac:Country>
					<cbc:IdentificationCode>SE</cbc:IdentificationCode>
				</cac:Country>
			</cac:PostalAddress>
		</cac:Party>
	</cac:BuyerCustomerParty>

	<cac:SellerSupplierParty>
		<cac:Party>
			<cac:PartyIdentification>
				<cbc:ID schemeID="0007">5560813031</cbc:ID>
			</cac:PartyIdentification>
			<cac:PartyName>
				<cbc:Name>Swerock AB</cbc:Name>
			</cac:PartyName>
			<cac:PostalAddress>
				<cac:Country>
					<cbc:IdentificationCode>SE</cbc:IdentificationCode>
				</cac:Country>
			</cac:PostalAddress>
		</cac:Party>
	</cac:SellerSupplierParty>

	<cac:Shipment>
		<cbc:ID>NA</cbc:ID>
		<cac:ShipmentStage>
			<cbc:TransportModeCode>3</cbc:TransportModeCode>
			<cac:TransportMeans>
				<cac:RoadTransport>
					<cbc:LicensePlateID>ABC123</cbc:LicensePlateID>
				</cac:RoadTransport>
			</cac:TransportMeans>
		</cac:ShipmentStage>
		<cac:Delivery>
			<cbc:ActualDeliveryDate>2023-05-03</cbc:ActualDeliveryDate>
			<cbc:ActualDeliveryTime>12:50:00</cbc:ActualDeliveryTime>
			<cac:DeliveryLocation>
				<cbc:ID schemeID="0007">5560339086</cbc:ID>
				<cbc:Name>Skanska Slussen SN94</cbc:Name>
				<cac:Address>
					<cbc:StreetName>Katarinavägen 21</cbc:StreetName>
					<cbc:AdditionalStreetName>SN94</cbc:AdditionalStreetName>
					<cbc:CityName>Stockholm</cbc:CityName>
					<cbc:PostalZone>116 45</cbc:PostalZone>
					<cac:Country>
						<cbc:IdentificationCode>SE</cbc:IdentificationCode>
					</cac:Country>
					<cac:LocationCoordinate>
						<cbc:CoordinateSystemCode>EPSG:3857</cbc:CoordinateSystemCode>
						<cbc:LatitudeDegreesMeasure unitCode="DD"
							>59.3224193803922</cbc:LatitudeDegreesMeasure>
						<cbc:LongitudeDegreesMeasure unitCode="DD"
							>18.077500623211105</cbc:LongitudeDegreesMeasure>
					</cac:LocationCoordinate>
				</cac:Address>
			</cac:DeliveryLocation>
			<cac:EstimatedDeliveryPeriod>
				<cbc:StartDate>2023-05-03</cbc:StartDate>
				<cbc:StartTime>08:00:00</cbc:StartTime>
			</cac:EstimatedDeliveryPeriod>
			<cac:Despatch>
				<cbc:ActualDespatchDate>2023-05-03</cbc:ActualDespatchDate>
				<cbc:ActualDespatchTime>08:00:00</cbc:ActualDespatchTime>
				<cac:DespatchAddress>
					<cbc:ID>5790000435951</cbc:ID>
					<cbc:StreetName>Drivhjulsvägen 11</cbc:StreetName>
					<cbc:CityName>Hägersten</cbc:CityName>
					<cbc:PostalZone>126 30</cbc:PostalZone>
					<cac:Country>
						<cbc:IdentificationCode>SE</cbc:IdentificationCode>
					</cac:Country>
					<cac:LocationCoordinate>
						<cbc:CoordinateSystemCode>EPSG:3857</cbc:CoordinateSystemCode>
						<cbc:LatitudeDegreesMeasure unitCode="DD"
							>59.29701362140153</cbc:LatitudeDegreesMeasure>
						<cbc:LongitudeDegreesMeasure unitCode="DD"
							>18.02110774233039</cbc:LongitudeDegreesMeasure>
					</cac:LocationCoordinate>
				</cac:DespatchAddress>
			</cac:Despatch>
		</cac:Delivery>

	</cac:Shipment>
	<cac:DespatchLine>
		<cbc:ID>10</cbc:ID>
		<cbc:DeliveredQuantity unitCode="EA">1</cbc:DeliveredQuantity>

		<!-- Buyers order reference -->
		<cac:OrderLineReference>
			<cbc:LineID>1</cbc:LineID>
			<cac:OrderReference>
				<cbc:ID>AEG012345</cbc:ID>
			</cac:OrderReference>
		</cac:OrderLineReference>

		<cac:Item>
			<cbc:Name>Grundavgift M42</cbc:Name>
			<cac:SellersItemIdentification>
				<cbc:ID>212610</cbc:ID>
			</cac:SellersItemIdentification>
			<cac:StandardItemIdentification>
				<cbc:ID schemeID="0160">1234567891233</cbc:ID>
			</cac:StandardItemIdentification>
		</cac:Item>
	</cac:DespatchLine>
	<cac:DespatchLine>
		<cbc:ID>20</cbc:ID>
		<cbc:DeliveredQuantity unitCode="MTR">12</cbc:DeliveredQuantity>

		<!-- Buyers order reference -->
		<cac:OrderLineReference>
			<cbc:LineID>1</cbc:LineID>
			<cac:OrderReference>
				<cbc:ID>AEG012345</cbc:ID>
			</cac:OrderReference>
		</cac:OrderLineReference>

		<cac:Item>
			<cbc:Name>SLANG 3 TUM</cbc:Name>
			<cac:SellersItemIdentification>
				<cbc:ID>9209</cbc:ID>
			</cac:SellersItemIdentification>
			<cac:StandardItemIdentification>
				<cbc:ID schemeID="0160">1234567891232</cbc:ID>
			</cac:StandardItemIdentification>
		</cac:Item>
	</cac:DespatchLine>
	<cac:DespatchLine>
		<cbc:ID>30</cbc:ID>
		<cbc:DeliveredQuantity unitCode="EA">1</cbc:DeliveredQuantity>
		<!-- Buyers order reference -->
		<cac:OrderLineReference>
			<cbc:LineID>1</cbc:LineID>
			<cac:OrderReference>
				<cbc:ID>AEG012345</cbc:ID>
			</cac:OrderReference>
		</cac:OrderLineReference>

		<cac:Item>
			<cbc:Name>VIBROSTAV</cbc:Name>
			<cac:SellersItemIdentification>
				<cbc:ID>9203</cbc:ID>
			</cac:SellersItemIdentification>
			<cac:StandardItemIdentification>
				<cbc:ID schemeID="0160">1234567891230</cbc:ID>
			</cac:StandardItemIdentification>
		</cac:Item>
	</cac:DespatchLine>
	<cac:DespatchLine>
		<cbc:ID>40</cbc:ID>
		<cbc:DeliveredQuantity unitCode="MIN">228</cbc:DeliveredQuantity>

		<!-- Buyers order reference -->
		<cac:OrderLineReference>
			<cbc:LineID>1</cbc:LineID>
			<cac:OrderReference>
				<cbc:ID>AEG012345</cbc:ID>
			</cac:OrderReference>
		</cac:OrderLineReference>
		<cac:Item>
			<cbc:Name>Timtaxa M42</cbc:Name>
			<cac:SellersItemIdentification>
				<cbc:ID>8441</cbc:ID>
			</cac:SellersItemIdentification>
			<cac:StandardItemIdentification>
				<cbc:ID schemeID="0160">1234567891229</cbc:ID>
			</cac:StandardItemIdentification>
		</cac:Item>
	</cac:DespatchLine>
	<cac:DespatchLine>
		<cbc:ID>50</cbc:ID>
		<cbc:DeliveredQuantity unitCode="MTQ">27.9</cbc:DeliveredQuantity>

		<!-- Buyers order reference -->
		<cac:OrderLineReference>
			<cbc:LineID>1</cbc:LineID>
			<cac:OrderReference>
				<cbc:ID>AEG012345</cbc:ID>
			</cac:OrderReference>
		</cac:OrderLineReference>
		<cac:Item>
			<cbc:Name>Pumpad mängd M42</cbc:Name>
			<cac:SellersItemIdentification>
				<cbc:ID>8449</cbc:ID>
			</cac:SellersItemIdentification>
			<cac:StandardItemIdentification>
				<cbc:ID schemeID="0160">1234567891299</cbc:ID>
			</cac:StandardItemIdentification>
		</cac:Item>
	</cac:DespatchLine>
</DespatchAdvice>
