<?xml version="1.0" encoding="utf-8"?>
<DespatchAdvice xmlns="urn:oasis:names:specification:ubl:schema:xsd:DespatchAdvice-2" xmlns:cbc="urn:oasis:names:specification:ubl:schema:xsd:CommonBasicComponents-2" xmlns:cac="urn:oasis:names:specification:ubl:schema:xsd:CommonAggregateComponents-2">
	<cbc:CustomizationID>urn:fdc:peppol.eu:logistics:trns:advanced_despatch_advice:1</cbc:CustomizationID>
	<cbc:ProfileID>urn:fdc:peppol.eu:logistics:bis:despatch_advice_only:1</cbc:ProfileID>

	<cbc:ID>434135</cbc:ID>
	<cbc:IssueDate>2020-12-21</cbc:IssueDate>
	<cbc:IssueTime>13:14:34</cbc:IssueTime>
	<cbc:Note>LRX093</cbc:Note>
	<cac:OrderReference>
		<cbc:ID schemeID="ProjectReference">9876986</cbc:ID>
	</cac:OrderReference>
	<cac:OrderReference>
		<cbc:ID schemeID="CustomersReferenceNumber">9876986-1-5544</cbc:ID>
	</cac:OrderReference>

	<cac:DespatchSupplierParty>
		<cac:Party>
			<cbc:EndpointID schemeID="0007">5562073329</cbc:EndpointID>
			<cac:PartyIdentification>
				<cbc:ID schemeID="0007">5562073329</cbc:ID>
			</cac:PartyIdentification>
			<cac:PartyLegalEntity>
				<cbc:RegistrationName>BDX Företagen AB</cbc:RegistrationName>
			</cac:PartyLegalEntity>
		</cac:Party>
	</cac:DespatchSupplierParty>

	<cac:DeliveryCustomerParty>
		<cac:Party>
			<cbc:EndpointID schemeID="0007">5560614330</cbc:EndpointID>
			<cac:PartyIdentification>
				<cbc:ID schemeID="0007">5560614330</cbc:ID>
			</cac:PartyIdentification>
			<cac:PartyLegalEntity>
				<cbc:RegistrationName>PEAB AB</cbc:RegistrationName>
			</cac:PartyLegalEntity>
		</cac:Party>
	</cac:DeliveryCustomerParty>

	<cac:Shipment>
		<cbc:ID>1</cbc:ID>

		<cac:Consignment>
			<cbc:ID>NA</cbc:ID>

			<cac:CarrierParty>
				<cac:PartyIdentification>
					<cbc:ID schemeID="0007">1234567890</cbc:ID>
				</cac:PartyIdentification>
				<cac:Person>
					<cac:IdentityDocumentReference>
						<cbc:ID>4578998766</cbc:ID>
						<cbc:DocumentType>ID06</cbc:DocumentType>
					</cac:IdentityDocumentReference>
				</cac:Person>
			</cac:CarrierParty>

			<cac:OriginalDespatchTransportationService>
				<cbc:TransportServiceCode>FuelReport</cbc:TransportServiceCode>
				<cac:TransportEquipment>
					<cbc:TransportEquipmentTypeCode>Diesel</cbc:TransportEquipmentTypeCode>
					<cbc:Description>ACP Diesel 50 max 7% RME</cbc:Description>
					<cac:MeasurementDimension>
						<cbc:AttributeID>FuelConsumption</cbc:AttributeID>
						<cbc:Measure unitCode="LTR">15</cbc:Measure>
					</cac:MeasurementDimension>
					<cac:MeasurementDimension>
						<cbc:AttributeID>EnergyContent</cbc:AttributeID>
						<cbc:Measure unitCode="E14">32</cbc:Measure>
					</cac:MeasurementDimension>
					<cac:MeasurementDimension>
						<cbc:AttributeID>ConversionFactor</cbc:AttributeID>
						<cbc:Measure unitCode="EA">27</cbc:Measure>
					</cac:MeasurementDimension>
					<cac:MeasurementDimension>
						<cbc:AttributeID>DrivingDistance</cbc:AttributeID>
						<cbc:Measure unitCode="KMT">86</cbc:Measure>
					</cac:MeasurementDimension>
					<cac:MeasurementDimension>
						<cbc:AttributeID>DrivingTime</cbc:AttributeID>
						<cbc:Measure unitCode="HUR">7.3</cbc:Measure>
					</cac:MeasurementDimension>
					<cac:MeasurementDimension>
						<cbc:AttributeID>RenewableFuel</cbc:AttributeID>
						<cbc:Measure unitCode="P1">100.00</cbc:Measure>
					</cac:MeasurementDimension>
					<cac:ProviderParty>
						<cac:PartyIdentification>
							<cbc:ID schemeID="0007">5560726977</cbc:ID>
						</cac:PartyIdentification>
						<cac:PartyName>
							<cbc:Name>Preem AB</cbc:Name>
						</cac:PartyName>
					</cac:ProviderParty>
				</cac:TransportEquipment>

				<cac:EnvironmentalEmission>
					<cbc:EnvironmentalEmissionTypeCode>NOX</cbc:EnvironmentalEmissionTypeCode>
					<cbc:ValueMeasure unitCode="MGM">6</cbc:ValueMeasure>
				</cac:EnvironmentalEmission>

				<cac:EnvironmentalEmission>
					<cbc:EnvironmentalEmissionTypeCode>CO2</cbc:EnvironmentalEmissionTypeCode>
					<cbc:ValueMeasure unitCode="MGM">2.8</cbc:ValueMeasure>
				</cac:EnvironmentalEmission>

				<cac:EnvironmentalEmission>
					<cbc:EnvironmentalEmissionTypeCode>PM</cbc:EnvironmentalEmissionTypeCode>
					<cbc:ValueMeasure unitCode="MGM">0.07</cbc:ValueMeasure>
				</cac:EnvironmentalEmission>

				<cac:EnvironmentalEmission>
					<cbc:EnvironmentalEmissionTypeCode>HC</cbc:EnvironmentalEmissionTypeCode>
					<cbc:ValueMeasure unitCode="MGM">0.6</cbc:ValueMeasure>
				</cac:EnvironmentalEmission>
			</cac:OriginalDespatchTransportationService>
		</cac:Consignment>

		<cac:Delivery>

			<cac:EstimatedDeliveryPeriod>
				<cbc:StartDate>2020-11-23</cbc:StartDate>
				<cbc:StartTime>13:12:44</cbc:StartTime>
				<cbc:EndDate>2020-11-23</cbc:EndDate>
				<cbc:EndTime>15:12:44</cbc:EndTime>
			</cac:EstimatedDeliveryPeriod>

			<cac:Despatch>
				<cac:DespatchAddress>
					<cbc:StreetName>Filialvägen 21</cbc:StreetName>
					<cbc:AdditionalStreetName>Purchasing</cbc:AdditionalStreetName>
					<cbc:CityName>Tstad</cbc:CityName>
					<cbc:PostalZone>23219</cbc:PostalZone>
					<cac:Country>
						<cbc:IdentificationCode>SE</cbc:IdentificationCode>
					</cac:Country>
					<cac:LocationCoordinate>
						<cbc:CoordinateSystemCode>EPSG:3857</cbc:CoordinateSystemCode>
						<cbc:LatitudeDegreesMeasure unitCode="DD">18.06468</cbc:LatitudeDegreesMeasure>
						<cbc:LongitudeDegreesMeasure unitCode="DD">59.330619</cbc:LongitudeDegreesMeasure>
					</cac:LocationCoordinate>
				</cac:DespatchAddress>
			</cac:Despatch>
		</cac:Delivery>
	</cac:Shipment>

	<cac:DespatchLine>
		<cbc:ID>1</cbc:ID>
		<cbc:Note>Inkört 0,70 8/16 0,18 brunn 25-26 schakt</cbc:Note>
		<cbc:DeliveredQuantity unitCode="TNE">20</cbc:DeliveredQuantity>
		<cac:OrderLineReference>
			<cbc:LineID>NA</cbc:LineID>
			<cac:OrderReference>
				<cbc:ID>NA</cbc:ID>
			</cac:OrderReference>
		</cac:OrderLineReference>

		<cac:DocumentReference>
			<cbc:ID>43576587</cbc:ID>
			<cbc:DocumentType>BEAST:MaterialTicketReference</cbc:DocumentType>
		</cac:DocumentReference>

		<cac:Item>
			<cbc:Name>Bärlager 0/32 enl TRVs krav</cbc:Name>
			<cac:BuyersItemIdentification>
				<cbc:ID>L34569978</cbc:ID>
			</cac:BuyersItemIdentification>
			<cac:SellersItemIdentification>
				<cbc:ID>MAK0032CE-0233</cbc:ID>
			</cac:SellersItemIdentification>

			<cac:CommodityClassification>
				<cbc:ItemClassificationCode listID="ZZZ" listVersionID="2021-12-01" name="SBMI">K00032eCE</cbc:ItemClassificationCode>
			</cac:CommodityClassification>

			<cac:AdditionalItemProperty>
				<cbc:Name>NA</cbc:Name>
				<cbc:NameCode listID="IPNC">Price</cbc:NameCode>
				<cbc:Value>119</cbc:Value>
			</cac:AdditionalItemProperty>
		</cac:Item>
	</cac:DespatchLine>

	<cac:DespatchLine>
		<cbc:ID>2</cbc:ID>
		<cbc:Note>Inkört 0,70 8/16 0,18 brunn 25-26 schakt</cbc:Note>
		<cbc:DeliveredQuantity unitCode="HUR">7.3</cbc:DeliveredQuantity>
		<cac:OrderLineReference>
			<cbc:LineID>NA</cbc:LineID>
			<cac:OrderReference>
				<cbc:ID>NA</cbc:ID>
			</cac:OrderReference>
		</cac:OrderLineReference>

		<cac:Item>
			<cbc:Name>Lastbil 4-axlig</cbc:Name>
			<cac:SellersItemIdentification>
				<cbc:ID>100100010</cbc:ID>
			</cac:SellersItemIdentification>
		</cac:Item>
	</cac:DespatchLine>
</DespatchAdvice>
