<?xml version="1.0" encoding="UTF-8"?>
<!--
                Content:
                Example for Use-case no 6 in UBL Despatch Adivce for concrete.
				
			
-->
<DespatchAdvice xmlns:xsi="http://www.w3.org/2001/XMLSchema-instance"
	xmlns="urn:oasis:names:specification:ubl:schema:xsd:DespatchAdvice-2"
	xmlns:cac="urn:oasis:names:specification:ubl:schema:xsd:CommonAggregateComponents-2"
	xmlns:cbc="urn:oasis:names:specification:ubl:schema:xsd:CommonBasicComponents-2">

	<cbc:CustomizationID>urn:fdc:peppol.eu:logistics:trns:advanced_despatch_advice:1</cbc:CustomizationID>
	<cbc:ProfileID>urn:fdc:peppol.eu:logistics:bis:despatch_advice_only:1</cbc:ProfileID>

	<cbc:ID>100481957</cbc:ID>
	<cbc:IssueDate>2023-05-04</cbc:IssueDate>
	<cbc:IssueTime>08:30:00</cbc:IssueTime>

	<cbc:DocumentStatusCode>9</cbc:DocumentStatusCode>
	<cbc:DespatchAdviceTypeCode>2</cbc:DespatchAdviceTypeCode>
	<cbc:Note>Some note</cbc:Note>

	<cac:AdditionalDocumentReference>
		<cbc:ID>12345</cbc:ID>
		<cbc:DocumentType>ProjectReference</cbc:DocumentType>
	</cac:AdditionalDocumentReference>
	<cac:AdditionalDocumentReference>
		<cbc:ID>12345-7669-12125</cbc:ID>
		<cbc:DocumentType>AccountingCost</cbc:DocumentType>
	</cac:AdditionalDocumentReference>

	<cac:DespatchSupplierParty>
		<cac:Party>
			<cbc:EndpointID schemeID="0007">5560813031</cbc:EndpointID>
			<cac:PartyIdentification>
				<cbc:ID schemeID="0007">5560813031</cbc:ID>
			</cac:PartyIdentification>
			<cac:PostalAddress>
				<cbc:StreetName>Drivhjulsvägen 11</cbc:StreetName>
				<cbc:CityName>Hägersten</cbc:CityName>
				<cbc:PostalZone>126 30</cbc:PostalZone>
				<cac:Country>
					<cbc:IdentificationCode>SE</cbc:IdentificationCode>
				</cac:Country>
			</cac:PostalAddress>
			<cac:PartyLegalEntity>
				<cbc:RegistrationName>Swerock AB</cbc:RegistrationName>
			</cac:PartyLegalEntity>
			<cac:Contact>
				<cbc:Name>Kalle Kula</cbc:Name>
				<cbc:Telephone>0104599924</cbc:Telephone>
				<cbc:ElectronicMail>kalle.kula@swerock.se</cbc:ElectronicMail>
			</cac:Contact>
		</cac:Party>
	</cac:DespatchSupplierParty>

	<cac:DeliveryCustomerParty>
		<cac:Party>
			<cbc:EndpointID schemeID="0007">5560339086</cbc:EndpointID>
			<cac:PartyIdentification>
				<cbc:ID schemeID="0007">5560339086</cbc:ID>
			</cac:PartyIdentification>
			<cac:PostalAddress>
				<cbc:StreetName>Warfvinges väg 25</cbc:StreetName>
				<cbc:CityName>Stockholm</cbc:CityName>
				<cbc:PostalZone>112 74</cbc:PostalZone>
				<cac:Country>
					<cbc:IdentificationCode>SE</cbc:IdentificationCode>
				</cac:Country>
			</cac:PostalAddress>
			<cac:PartyLegalEntity>
				<cbc:RegistrationName>Skanska Sverige AB</cbc:RegistrationName>
			</cac:PartyLegalEntity>
		</cac:Party>
		<!-- Kontakt arbetsplats -->
		<cac:DeliveryContact>
			<cbc:Name>Alexander Janving</cbc:Name>
			<cbc:Telephone>010-448 00 004</cbc:Telephone>
			<cbc:ElectronicMail>some.email@skanska.se</cbc:ElectronicMail>
		</cac:DeliveryContact>
	</cac:DeliveryCustomerParty>

	<cac:BuyerCustomerParty>
		<cac:Party>
			<cac:PartyIdentification>
				<cbc:ID schemeID="0007">5560339086</cbc:ID>
			</cac:PartyIdentification>
			<cac:PartyName>
				<cbc:Name>Skanska Sverige AB</cbc:Name>
			</cac:PartyName>
			<cac:PostalAddress>
				<cbc:StreetName>Warfvinges väg 25</cbc:StreetName>
				<cbc:CityName>Stockholm</cbc:CityName>
				<cbc:PostalZone>112 74</cbc:PostalZone>
				<cac:Country>
					<cbc:IdentificationCode>SE</cbc:IdentificationCode>
				</cac:Country>
			</cac:PostalAddress>
		</cac:Party>
	</cac:BuyerCustomerParty>

	<cac:SellerSupplierParty>
		<cac:Party>
			<cac:PartyIdentification>
				<cbc:ID schemeID="0007">5560813031</cbc:ID>
			</cac:PartyIdentification>
			<cac:PartyName>
				<cbc:Name>Swerock AB</cbc:Name>
			</cac:PartyName>
			<cac:PostalAddress>
				<cac:Country>
					<cbc:IdentificationCode>SE</cbc:IdentificationCode>
				</cac:Country>
			</cac:PostalAddress>
		</cac:Party>
	</cac:SellerSupplierParty>

	<cac:Shipment>
		<cbc:ID>NA</cbc:ID>
		<cac:Consignment>
			<cbc:ID>NA</cbc:ID>
			<cac:CarrierParty>
				<cac:PartyIdentification>
					<cbc:ID schemeID="0088">5790000435951</cbc:ID>
				</cac:PartyIdentification>
				<cac:PartyName>
					<cbc:Name>DHL</cbc:Name>
				</cac:PartyName>
				<cac:Person>
					<cac:IdentityDocumentReference>
						<cbc:ID>1234567890</cbc:ID>
						<cbc:DocumentType>ID06</cbc:DocumentType>
					</cac:IdentityDocumentReference>
				</cac:Person>
			</cac:CarrierParty>
		</cac:Consignment>
		<cac:ShipmentStage>
			<cbc:TransportModeCode>3</cbc:TransportModeCode>
			<cac:TransportMeans>
				<cac:RoadTransport>
					<cbc:LicensePlateID>ABC123</cbc:LicensePlateID>
				</cac:RoadTransport>
			</cac:TransportMeans>
		</cac:ShipmentStage>
		<cac:Delivery>
			<!-- Arrival to unloading place -->
			<cbc:ActualDeliveryDate>2023-05-03</cbc:ActualDeliveryDate>
			<cbc:ActualDeliveryTime>12:32:00</cbc:ActualDeliveryTime>
			<cac:DeliveryLocation>
				<cbc:ID schemeID="0007">5560339086</cbc:ID>
				<cbc:Name>Skanska Slussen SN94</cbc:Name>
				<cac:Address>
					<cbc:StreetName>Katarinavägen 21</cbc:StreetName>
					<cbc:AdditionalStreetName>SN94</cbc:AdditionalStreetName>
					<cbc:CityName>Stockholm</cbc:CityName>
					<cbc:PostalZone>116 45</cbc:PostalZone>
					<cac:Country>
						<cbc:IdentificationCode>SE</cbc:IdentificationCode>
					</cac:Country>
					<cac:LocationCoordinate>
						<cbc:CoordinateSystemCode>EPSG:3857</cbc:CoordinateSystemCode>
						<cbc:LatitudeDegreesMeasure unitCode="DD"
							>59.3224193803922</cbc:LatitudeDegreesMeasure>
						<cbc:LongitudeDegreesMeasure unitCode="DD"
							>18.077500623211105</cbc:LongitudeDegreesMeasure>
					</cac:LocationCoordinate>
				</cac:Address>
			</cac:DeliveryLocation>
			<cac:EstimatedDeliveryPeriod>
				<cbc:StartDate>2023-05-03</cbc:StartDate>
				<cbc:StartTime>12:30:00</cbc:StartTime>
			</cac:EstimatedDeliveryPeriod>
			<cac:Despatch>
				<cbc:ActualDespatchDate>2023-05-03</cbc:ActualDespatchDate>
				<cbc:ActualDespatchTime>12:07:00</cbc:ActualDespatchTime>
				<cac:DespatchAddress>
					<cbc:ID>5790000435951</cbc:ID>
					<cbc:StreetName>Drivhjulsvägen 11</cbc:StreetName>
					<cbc:CityName>Hägersten</cbc:CityName>
					<cbc:PostalZone>126 30</cbc:PostalZone>
					<cac:Country>
						<cbc:IdentificationCode>SE</cbc:IdentificationCode>
					</cac:Country>
					<cac:LocationCoordinate>
						<cbc:CoordinateSystemCode>EPSG:3857</cbc:CoordinateSystemCode>
						<cbc:LatitudeDegreesMeasure unitCode="DD"
							>59.29701362140153</cbc:LatitudeDegreesMeasure>
						<cbc:LongitudeDegreesMeasure unitCode="DD"
							>18.02110774233039</cbc:LongitudeDegreesMeasure>
					</cac:LocationCoordinate>
				</cac:DespatchAddress>
			</cac:Despatch>
		</cac:Delivery>

	</cac:Shipment>
	<cac:DespatchLine>
		<cbc:ID>10</cbc:ID>
		<cbc:DeliveredQuantity unitCode="MTQ">3.5</cbc:DeliveredQuantity>

		<cac:OrderLineReference>
			<cbc:LineID>1</cbc:LineID>
			<cac:OrderReference>
				<cbc:ID>AEG012345</cbc:ID>
			</cac:OrderReference>
		</cac:OrderLineReference>

		<cac:Item>
			<cbc:Name>Fabriksbetong, husbyggnad C25/30</cbc:Name>
			<cac:SellersItemIdentification>
				<cbc:ID>212611</cbc:ID>
			</cac:SellersItemIdentification>
			<cac:ManufacturersItemIdentification>
				<cbc:ID>212611</cbc:ID>
			</cac:ManufacturersItemIdentification>
			<cac:StandardItemIdentification>
				<cbc:ID schemeID="0160">1234567891234</cbc:ID>
			</cac:StandardItemIdentification>

			<!-- Generic climate data -->
			<cac:AdditionalItemProperty>
				<cbc:ID schemeID="Define:SwedishDataDictionary" schemeVersionID="1.0"
					schemeDataURI="">tbd</cbc:ID>
				<cbc:Name>Boverket Resource ID</cbc:Name>
				<cbc:NameCode listID="IPNC">BoVResourceID</cbc:NameCode>
				<cbc:Value>6000000029</cbc:Value>
			</cac:AdditionalItemProperty>

			<!-- Specific climate data, machine readable EPD -->
			<cac:AdditionalItemProperty>
				<cbc:Name>EPD Dataset ID</cbc:Name>
				<cbc:NameCode listID="IPNC">EPDDataSetID</cbc:NameCode>
				<cbc:Value>165f8554-00cd-43ad-aeb7-ba769854554a</cbc:Value>
			</cac:AdditionalItemProperty>
			<!-- Specific climate data, machine readable EPD -->
			<cac:AdditionalItemProperty>
				<cbc:Name>EPD Dataset URL</cbc:Name>
				<cbc:NameCode listID="IPNC">EPDDataSetURL</cbc:NameCode>
				<cbc:Value>https://epdnorway.lca-data.com/resource/processes/165f8554-00cd-43ad-aeb7-ba769854554a?format=xml&amp;version=00.01.000</cbc:Value>
			</cac:AdditionalItemProperty>
			<!-- Specific climate data, human readable EPD -->
			<cac:AdditionalItemProperty>
				<cbc:Name>Program Operator</cbc:Name>
				<cbc:NameCode listID="IPNC">ProgramOperator</cbc:NameCode>
				<cbc:Value>The Norwegian EPD Foundation</cbc:Value>
			</cac:AdditionalItemProperty>
			<!-- Specific climate data, human readable EPD -->
			<cac:AdditionalItemProperty>
				<cbc:Name>EPD Number</cbc:Name>
				<cbc:NameCode listID="IPNC">EPDNumber</cbc:NameCode>
				<cbc:Value>NEPD-1260-406-EN</cbc:Value>
			</cac:AdditionalItemProperty>
			<!-- Specific climate data, human readable EPD -->
			<cac:AdditionalItemProperty>
				<cbc:Name>EPD Product Name</cbc:Name>
				<cbc:NameCode listID="IPNC">EPDProductName</cbc:NameCode>
				<cbc:Value>Gyproc® Normal – Standard Plasterboard</cbc:Value>
			</cac:AdditionalItemProperty>
			<!-- Specific climate data, human readable EPD -->
			<cac:AdditionalItemProperty>
				<cbc:Name>EPD URL</cbc:Name>
				<cbc:NameCode listID="IPNC">EPDHRURL</cbc:NameCode>
				<cbc:Value>https://portal.environdec.com/api/api/v1/EPDLibrary/Files/07e17ba1-cf00-48e5-9cf1-d8bd90a468f8/Data</cbc:Value>
			</cac:AdditionalItemProperty>
			<!-- Specific climate data, human readable EPD -->
			<cac:AdditionalItemProperty>
				<cbc:Name>EPD Data Set Product Name</cbc:Name>
				<cbc:NameCode listID="IPNC">EPDDataSetProductName</cbc:NameCode>
				<cbc:Value>Gyproc® Normal – Standard Plasterboard</cbc:Value>
			</cac:AdditionalItemProperty>

			<!-- Specific climate data, GWP value calculated by the supplier  -->
			<cac:AdditionalItemProperty>
				<cbc:Name>GWP GHG A1-3 EPD total value for line</cbc:Name>
				<cbc:NameCode listID="IPNC">GWP-GHG_A1-3_vA1</cbc:NameCode>
				<cbc:Value>NA</cbc:Value>
				<cbc:ValueQuantity unitCode="KGM">124</cbc:ValueQuantity>
			</cac:AdditionalItemProperty>
			
			<!-- If the EPD is a daughter EPD, the corresponding mother EPD ID is added here -->
			<cac:AdditionalItemProperty>
				<cbc:Name>Mother EPD ID</cbc:Name>
				<cbc:NameCode listID="IPNC">MotherEPDID</cbc:NameCode>
				<cbc:Value>NEPD-1717-700-SE</cbc:Value>
			</cac:AdditionalItemProperty>

			<cac:AdditionalItemProperty>
				<cbc:ID schemeID="Define:SwedishDataDictionary" schemeVersionID="1.0"
					schemeDataURI="">tbd</cbc:ID>
				<cbc:Name>Water Contact</cbc:Name>
				<cbc:NameCode listID="SSEN206">WaterContact</cbc:NameCode>
				<cbc:Value>2023-05-03T12:03:00</cbc:Value>
			</cac:AdditionalItemProperty>

			<cac:AdditionalItemProperty>
				<cbc:ID schemeID="Define:SwedishDataDictionary" schemeVersionID="1.0"
					schemeDataURI="">tbd</cbc:ID>
				<cbc:Name>Start unloading time</cbc:Name>
				<cbc:NameCode listID="SSEN206">StartUnloadingTime</cbc:NameCode>
				<cbc:Value>2023-05-03T09:03:00</cbc:Value>
			</cac:AdditionalItemProperty>

			<cac:AdditionalItemProperty>
				<cbc:ID schemeID="Define:SwedishDataDictionary" schemeVersionID="1.0"
					schemeDataURI="">tbd</cbc:ID>
				<cbc:Name>Stop unloading time</cbc:Name>
				<cbc:NameCode listID="SSEN206">StopUnloadingTime</cbc:NameCode>
				<cbc:Value>2023-05-03T12:50:00</cbc:Value>
			</cac:AdditionalItemProperty>

			<cac:AdditionalItemProperty>
				<cbc:ID schemeID="Define:SwedishDataDictionary" schemeVersionID="1.0"
					schemeDataURI="">tbd</cbc:ID>
				<cbc:Name>Strength Class</cbc:Name>
				<cbc:NameCode listID="SSEN206">StrengthClass</cbc:NameCode>
				<cbc:Value>C25/30</cbc:Value>
			</cac:AdditionalItemProperty>

			<cac:AdditionalItemProperty>
				<cbc:ID schemeID="Define:SwedishDataDictionary" schemeVersionID="1.0"
					schemeDataURI="">tbd</cbc:ID>
				<cbc:Name>Exposure Class</cbc:Name>
				<cbc:NameCode listID="SSEN206">ExposureClass</cbc:NameCode>
				<cbc:Value>XC4 XF1</cbc:Value>
			</cac:AdditionalItemProperty>

			<cac:AdditionalItemProperty>
				<cbc:ID schemeID="Define:SwedishDataDictionary" schemeVersionID="1.0"
					schemeDataURI="">tbd</cbc:ID>
				<cbc:Name>Chloride Content Class</cbc:Name>
				<cbc:NameCode listID="SSEN206">ChlorideContentClass</cbc:NameCode>
				<cbc:Value>Cl0.20</cbc:Value>
			</cac:AdditionalItemProperty>

			<cac:AdditionalItemProperty>
				<cbc:ID schemeID="Define:SwedishDataDictionary" schemeVersionID="1.0"
					schemeDataURI=""> 969e76f1-cf98-ed11-8118-000d3a4cc674 </cbc:ID>
				<cbc:Name>Consistence Class</cbc:Name>
				<cbc:NameCode listID="SSEN206">ConsistenceClass</cbc:NameCode>
				<cbc:Value>S3</cbc:Value>
			</cac:AdditionalItemProperty>

			<cac:AdditionalItemProperty>
				<cbc:ID schemeID="Define:SwedishDataDictionary" schemeVersionID="1.0"
					schemeDataURI="">tbd</cbc:ID>
				<cbc:Name>Density Class</cbc:Name>
				<cbc:NameCode listID="SSEN206">DensityClass</cbc:NameCode>
				<cbc:Value>D1</cbc:Value>
			</cac:AdditionalItemProperty>

			<cac:AdditionalItemProperty>
				<cbc:ID schemeID="Define:SwedishDataDictionary" schemeVersionID="1.0"
					schemeDataURI="">tbd</cbc:ID>
				<cbc:Name>Dmax</cbc:Name>
				<cbc:NameCode listID="SSEN206">Dmax</cbc:NameCode>
				<cbc:Value>NA</cbc:Value>
				<cbc:ValueQuantity unitCode="MMT">16</cbc:ValueQuantity>
			</cac:AdditionalItemProperty>

			<cac:AdditionalItemProperty>
				<cbc:ID schemeID="Define:SwedishDataDictionary" schemeVersionID="1.0"
					schemeDataURI="">tbd</cbc:ID>
				<cbc:Name>Water Cement Ratio</cbc:Name>
				<cbc:NameCode listID="SSEN206">WaterCementRatio</cbc:NameCode>
				<cbc:Value>0.45</cbc:Value>
			</cac:AdditionalItemProperty>

			<cac:AdditionalItemProperty>
				<cbc:ID schemeID="Define:SwedishDataDictionary" schemeVersionID="1.0"
					schemeDataURI="">tbd</cbc:ID>
				<cbc:Name>Binder Combination Type</cbc:Name>
				<cbc:NameCode listID="SS137003">BinderCombinationType</cbc:NameCode>
				<cbc:Value>BK II/A-S</cbc:Value>
			</cac:AdditionalItemProperty>

			<cac:AdditionalItemProperty>
				<cbc:ID schemeID="Define:SwedishDataDictionary" schemeVersionID="1.0"
					schemeDataURI="">tbd</cbc:ID>
				<cbc:Name>Binder Combination Strength Class</cbc:Name>
				<cbc:NameCode listID="SSEN206">BinderCombinationStrengthClass</cbc:NameCode>
				<cbc:Value>42.5</cbc:Value>
			</cac:AdditionalItemProperty>

			<cac:AdditionalItemProperty>
				<cbc:ID schemeID="Define:SwedishDataDictionary" schemeVersionID="1.0"
					schemeDataURI="">tbd</cbc:ID>
				<cbc:Name>Cement Type</cbc:Name>
				<cbc:NameCode listID="SSEN206">CementType</cbc:NameCode>
				<cbc:Value>CEM II/A-LL</cbc:Value>
			</cac:AdditionalItemProperty>

			<cac:AdditionalItemProperty>
				<cbc:ID schemeID="Define:SwedishDataDictionary" schemeVersionID="1.0"
					schemeDataURI="">tbd</cbc:ID>
				<cbc:Name>Cement Description</cbc:Name>
				<cbc:NameCode listID="SSEN206">CementDescription</cbc:NameCode>
				<cbc:Value>Cementa Byggcement Slite CEM II/A-LL SR2/MH/LA 42.5 R</cbc:Value>
			</cac:AdditionalItemProperty>

			<cac:AdditionalItemProperty>
				<cbc:ID schemeID="Define:SwedishDataDictionary" schemeVersionID="1.0"
					schemeDataURI="">tbd</cbc:ID>
				<cbc:Name>Cement Strength Class</cbc:Name>
				<cbc:NameCode listID="SSEN206">CementStrengthClass</cbc:NameCode>
				<cbc:Value>42.5</cbc:Value>
			</cac:AdditionalItemProperty>

			<cac:AdditionalItemProperty>
				<cbc:ID schemeID="Define:SwedishDataDictionary" schemeVersionID="1.0"
					schemeDataURI="">tbd</cbc:ID>
				<cbc:Name>Additive Type</cbc:Name>
				<cbc:NameCode listID="SSEN206">AdditiveType</cbc:NameCode>
				<cbc:Value>GGBS</cbc:Value>
			</cac:AdditionalItemProperty>

			<cac:AdditionalItemProperty>
				<cbc:ID schemeID="Define:SwedishDataDictionary" schemeVersionID="1.0"
					schemeDataURI="">tbd</cbc:ID>
				<cbc:Name>Additive Type Description</cbc:Name>
				<cbc:NameCode listID="SSEN206">AdditiveTypeDescription</cbc:NameCode>
				<cbc:Value>Merit (GGBS) Swecem Oxelösund</cbc:Value>
			</cac:AdditionalItemProperty>

			<cac:AdditionalItemProperty>
				<cbc:ID schemeID="Define:SwedishDataDictionary" schemeVersionID="1.0"
					schemeDataURI="">tbd</cbc:ID>
				<cbc:Name>Admixture Type</cbc:Name>
				<cbc:NameCode listID="SSEN206">AdmixtureType</cbc:NameCode>
				<cbc:Value>Retarding Superplasticizer</cbc:Value>
			</cac:AdditionalItemProperty>

			<!-- In this case, the fiber is included in the mix design -->
			<cac:AdditionalItemProperty>
				<cbc:ID schemeID="Define:SwedishDataDictionary" schemeVersionID="">tbd</cbc:ID>
				<cbc:Name>Fiber Description</cbc:Name>
				<cbc:NameCode listID="SSEN206">FiberDescription</cbc:NameCode>
				<cbc:Value>STÅLFIBER 55/35 OE 87,5 kg/kbm</cbc:Value>
			</cac:AdditionalItemProperty>

			<cac:AdditionalItemProperty>
				<cbc:ID schemeID="Define:SwedishDataDictionary" schemeVersionID="">tbd</cbc:ID>
				<cbc:Name>Fiber Amount</cbc:Name>
				<cbc:NameCode listID="SSEN206">FiberAmount</cbc:NameCode>
				<cbc:Value>NA</cbc:Value>
				<cbc:ValueQuantity unitCode="KMQ">87.5</cbc:ValueQuantity>
			</cac:AdditionalItemProperty>

			<cac:ItemInstance>
				<cbc:ManufactureDate>2023-05-03</cbc:ManufactureDate>
				<cbc:ManufactureTime>12:03:00</cbc:ManufactureTime>
				<cac:LotIdentification>
					<cbc:LotNumberID>546378239</cbc:LotNumberID>
				</cac:LotIdentification>
			</cac:ItemInstance>

			<cac:Certificate>
				<cbc:ID>123456</cbc:ID>
				<cbc:CertificateTypeCode>NA</cbc:CertificateTypeCode>
				<cbc:CertificateType>Quality Certificate</cbc:CertificateType>
				<cbc:Remarks>Tillverkad enl. SS-EN 206 och erhållen specifikation</cbc:Remarks>
				<cac:IssuerParty>
					<cac:PartyName>
						<cbc:Name>VUC</cbc:Name>
					</cac:PartyName>
				</cac:IssuerParty>
			</cac:Certificate>
		</cac:Item>
	</cac:DespatchLine>
	<cac:DespatchLine>
		<cbc:ID>20</cbc:ID>
		<cbc:DeliveredQuantity unitCode="MIN">20</cbc:DeliveredQuantity>

		<cac:OrderLineReference>
			<cbc:LineID>10</cbc:LineID>
			<cac:OrderReference>
				<cbc:ID>AEG012345</cbc:ID>
			</cac:OrderReference>
		</cac:OrderLineReference>

		<cac:Item>
			<cbc:Name>Lossningstid</cbc:Name>
			<cac:SellersItemIdentification>
				<cbc:ID>212610</cbc:ID>
			</cac:SellersItemIdentification>
			<cac:StandardItemIdentification>
				<cbc:ID schemeID="0160">1234567891233</cbc:ID>
			</cac:StandardItemIdentification>
		</cac:Item>
	</cac:DespatchLine>
	<cac:DespatchLine>
		<cbc:ID>30</cbc:ID>
		<cbc:DeliveredQuantity unitCode="MIN">12</cbc:DeliveredQuantity>

		<cac:OrderLineReference>
			<cbc:LineID>1</cbc:LineID>
			<cac:OrderReference>
				<cbc:ID>AEG012345</cbc:ID>
			</cac:OrderReference>
		</cac:OrderLineReference>

		<cac:Item>
			<cbc:Name>Väntetid</cbc:Name>
			<cac:SellersItemIdentification>
				<cbc:ID>9209</cbc:ID>
			</cac:SellersItemIdentification>
			<cac:StandardItemIdentification>
				<cbc:ID schemeID="0160">1234567891232</cbc:ID>
			</cac:StandardItemIdentification>
		</cac:Item>
	</cac:DespatchLine>
	<cac:DespatchLine>
		<cbc:ID>40</cbc:ID>
		<cbc:DeliveredQuantity unitCode="MTQ">3.5</cbc:DeliveredQuantity>

		<cac:OrderLineReference>
			<cbc:LineID>1</cbc:LineID>
			<cac:OrderReference>
				<cbc:ID>AEG012345</cbc:ID>
			</cac:OrderReference>
		</cac:OrderLineReference>

		<cac:Item>
			<cbc:Name>Transportzon 3</cbc:Name>
			<cac:SellersItemIdentification>
				<cbc:ID>9203</cbc:ID>
			</cac:SellersItemIdentification>
			<cac:StandardItemIdentification>
				<cbc:ID schemeID="0160">1234567891230</cbc:ID>
			</cac:StandardItemIdentification>
		</cac:Item>
	</cac:DespatchLine>
	<cac:DespatchLine>
		<cbc:ID>50</cbc:ID>
		<cbc:DeliveredQuantity unitCode="MTQ">1.5</cbc:DeliveredQuantity>

		<cac:OrderLineReference>
			<cbc:LineID>1</cbc:LineID>
			<cac:OrderReference>
				<cbc:ID>AEG012345</cbc:ID>
			</cac:OrderReference>
		</cac:OrderLineReference>

		<cac:Item>
			<cbc:Name>Min deb 5m3 transportzon 3</cbc:Name>
			<cac:SellersItemIdentification>
				<cbc:ID>8441</cbc:ID>
			</cac:SellersItemIdentification>
			<cac:StandardItemIdentification>
				<cbc:ID schemeID="0160">1234567891229</cbc:ID>
			</cac:StandardItemIdentification>
		</cac:Item>

	</cac:DespatchLine>

</DespatchAdvice>
