<?xml version="1.0" encoding="UTF-8"?>
<!--
                Content:
                This file contains an Example for Use-case no 2 in UBL Despatch Adivce.
			
-->
<DespatchAdvice xmlns:xsi="http://www.w3.org/2001/XMLSchema-instance"
 xmlns="urn:oasis:names:specification:ubl:schema:xsd:DespatchAdvice-2"
 xmlns:cac="urn:oasis:names:specification:ubl:schema:xsd:CommonAggregateComponents-2"
 xmlns:cbc="urn:oasis:names:specification:ubl:schema:xsd:CommonBasicComponents-2">
	
	<cbc:CustomizationID>urn:fdc:peppol.eu:logistics:trns:advanced_despatch_advice:1</cbc:CustomizationID>
	<cbc:ProfileID>urn:fdc:peppol.eu:logistics:bis:despatch_advice_only:1</cbc:ProfileID>
	
	<cbc:ID>43413589</cbc:ID>
	<cbc:IssueDate>2020-12-21</cbc:IssueDate>
	<cbc:IssueTime>13:14:34</cbc:IssueTime>
	<cbc:Note>Some note about the delivery</cbc:Note>
	
	<cac:OrderReference>
		<cbc:ID>AEG012345</cbc:ID>
	</cac:OrderReference>

	<cac:AdditionalDocumentReference>
		<cbc:ID>P-12345</cbc:ID>
		<cbc:DocumentType>ProjectReference</cbc:DocumentType>
	</cac:AdditionalDocumentReference>


	<cac:DespatchSupplierParty>
		<cac:Party>
			<cbc:EndpointID schemeID="0007">5560125220</cbc:EndpointID>
			<cac:PartyIdentification>
				<cbc:ID schemeID="0007">5560125220</cbc:ID>
			</cac:PartyIdentification>
			<cac:PostalAddress>
				<cbc:StreetName>Bällstavägen 102</cbc:StreetName>
				<cbc:CityName>Bromma</cbc:CityName>
				<cbc:PostalZone>168 64</cbc:PostalZone>
				<cac:Country>
					<cbc:IdentificationCode>SE</cbc:IdentificationCode>
				</cac:Country>
			</cac:PostalAddress>
			<cac:PartyLegalEntity>
				<cbc:RegistrationName>Beijer Byggmaterial AB</cbc:RegistrationName>
			</cac:PartyLegalEntity>
			<cac:Contact>
				<cbc:Name>Robin Olsson</cbc:Name>
				<cbc:Telephone>075-241 32304</cbc:Telephone>
				<cbc:ElectronicMail>info.bromma@beijerbygg.se</cbc:ElectronicMail>
			</cac:Contact>
		</cac:Party>
	</cac:DespatchSupplierParty>
	
	<cac:DeliveryCustomerParty>
		<cac:Party>
			<cbc:EndpointID schemeID="0007">5561122334</cbc:EndpointID>
			<cac:PartyIdentification>
				<cbc:ID schemeID="0007">5561122334</cbc:ID>
			</cac:PartyIdentification>
			<cac:PostalAddress>
				<cbc:StreetName>Industrivägen 51</cbc:StreetName>
				<cbc:CityName>Stockholm</cbc:CityName>
				<cbc:PostalZone>112 74</cbc:PostalZone>
				<cac:Country>
					<cbc:IdentificationCode>SE</cbc:IdentificationCode>
				</cac:Country>
			</cac:PostalAddress>
			<cac:PartyLegalEntity>
				<cbc:RegistrationName>DHL Warehouse no 641</cbc:RegistrationName>
			</cac:PartyLegalEntity>
		</cac:Party>
		<cac:DeliveryContact>
			<cbc:Name>Alexander Janving</cbc:Name>
			<cbc:Telephone>010-448 00 004</cbc:Telephone>
			<cbc:ElectronicMail>some.email@skanska.se</cbc:ElectronicMail>
		</cac:DeliveryContact>
	</cac:DeliveryCustomerParty>
	
	<cac:BuyerCustomerParty>
		<cac:Party>
			<cac:PartyIdentification>
				<cbc:ID schemeID="0007">5560339086</cbc:ID>
			</cac:PartyIdentification>
			<cac:PartyName>
				<cbc:Name>Skanska Sverige AB</cbc:Name>
			</cac:PartyName>
			<cac:PostalAddress>
				<cbc:StreetName>Warfvinges väg 25</cbc:StreetName>
				<cbc:CityName>Stockholm</cbc:CityName>
				<cbc:PostalZone>112 74</cbc:PostalZone>
				<cac:Country>
					<cbc:IdentificationCode>SE</cbc:IdentificationCode>
				</cac:Country>
			</cac:PostalAddress>
		</cac:Party>
	</cac:BuyerCustomerParty>
	
	<cac:SellerSupplierParty>
		<cac:Party>
			<cac:PartyIdentification>
				<cbc:ID schemeID="0007">5560125220</cbc:ID>
			</cac:PartyIdentification>
			<cac:PartyName>
				<cbc:Name>Beijer Byggmaterial AB</cbc:Name>
			</cac:PartyName>
			<cac:PostalAddress>
				<cbc:StreetName>Bällstavägen 102</cbc:StreetName>
				<cbc:CityName>Bromma</cbc:CityName>
				<cbc:PostalZone>168 64</cbc:PostalZone>
				<cac:Country>
					<cbc:IdentificationCode>SE</cbc:IdentificationCode>
				</cac:Country>
			</cac:PostalAddress>
		</cac:Party>
	</cac:SellerSupplierParty>

	<cac:OriginatorCustomerParty>
		<cac:Party>
			<cac:PartyIdentification>
				<cbc:ID schemeID="0007">5560339086</cbc:ID>
			</cac:PartyIdentification>
			<cac:PartyName>
				<cbc:Name>Skanska Sverige AB</cbc:Name>
			</cac:PartyName>
			<cac:PostalAddress>
				<cbc:StreetName>Hammarbyvägen 3</cbc:StreetName>
				<cbc:CityName>Stockholm</cbc:CityName>
				<cbc:PostalZone>123 45</cbc:PostalZone>
				<cac:AddressLine>
					<cbc:Line>3rd Floor, Room 5</cbc:Line>
				</cac:AddressLine>
				<cac:Country>
					<cbc:IdentificationCode>SE</cbc:IdentificationCode>
				</cac:Country>
			</cac:PostalAddress>
		</cac:Party>
	</cac:OriginatorCustomerParty>


	<cac:Shipment>
		<cbc:ID>1212343445</cbc:ID>
		<cbc:GrossWeightMeasure unitCode="KGM">2460</cbc:GrossWeightMeasure>
		<cbc:GrossVolumeMeasure unitCode="MTQ">3.10</cbc:GrossVolumeMeasure>
		
		<cac:Consignment>
			<cbc:ID>NA</cbc:ID>
			<cac:CarrierParty>
				<cac:PartyIdentification>
					<cbc:ID schemeID="0088">5790000435951</cbc:ID>
				</cac:PartyIdentification>
				<cac:PartyName>
					<cbc:Name>DHL</cbc:Name>
				</cac:PartyName>
				<cac:Person>
					<cac:IdentityDocumentReference>
						<cbc:ID>1234</cbc:ID>
						<cbc:DocumentType>Inv</cbc:DocumentType>
					</cac:IdentityDocumentReference>
				</cac:Person>
		</cac:CarrierParty>
		</cac:Consignment>
		
		<cac:ShipmentStage>
			<cbc:TransportModeCode>3</cbc:TransportModeCode>
			<cbc:TransportMeansTypeCode>320</cbc:TransportMeansTypeCode>
			<cac:TransportMeans>
				<cac:RoadTransport>
					<cbc:LicensePlateID>ABC123</cbc:LicensePlateID>
				</cac:RoadTransport>
			</cac:TransportMeans>
		</cac:ShipmentStage>


		<cac:Delivery>
			<cbc:TrackingID>435465</cbc:TrackingID>
			<cac:DeliveryLocation>
				<cbc:ID schemeID="0088">5790000435951</cbc:ID>
				<cbc:Name>Skanska Sverige AB</cbc:Name>
				<cac:Address>
					<cbc:StreetName>Hammarbyvägen 3</cbc:StreetName>
					<cbc:CityName>Stockholm</cbc:CityName>
					<cbc:PostalZone>123 45</cbc:PostalZone>
					<cac:AddressLine>
						<cbc:Line>3:e våningen, Rum 5</cbc:Line>
					</cac:AddressLine>
					<cac:Country>
						<cbc:IdentificationCode>SE</cbc:IdentificationCode>
					</cac:Country>
				</cac:Address>
			</cac:DeliveryLocation>
			
			<cac:EstimatedDeliveryPeriod>
				<cbc:StartDate>2021-09-25</cbc:StartDate>
				<cbc:StartTime>12:00:00</cbc:StartTime>
				<cbc:EndDate>2021-09-27</cbc:EndDate>
				<cbc:EndTime>12:00:00</cbc:EndTime>
			</cac:EstimatedDeliveryPeriod>

			<cac:Despatch>
				<cbc:ActualDespatchDate>2021-09-25</cbc:ActualDespatchDate>
				<cbc:ActualDespatchTime>13:00:00</cbc:ActualDespatchTime>

				<cac:DespatchAddress>
					<cbc:StreetName>Bällstavägen 102</cbc:StreetName>
					<cbc:CityName>Bromma</cbc:CityName>
					<cbc:PostalZone>168 64</cbc:PostalZone>
					<cac:Country>
						<cbc:IdentificationCode>SE</cbc:IdentificationCode>
					</cac:Country>
				</cac:DespatchAddress>
			</cac:Despatch>
			
			<cac:DeliveryTerms>
				<cbc:ID>EXW</cbc:ID>
				<cac:DeliveryLocation>
					<cbc:ID>Stockholm</cbc:ID>
				</cac:DeliveryLocation>
			</cac:DeliveryTerms>

		</cac:Delivery>

		<cac:TransportHandlingUnit>
			<cbc:ID>11111222222222</cbc:ID>
			<cbc:TransportHandlingUnitTypeCode>AG</cbc:TransportHandlingUnitTypeCode>

			<cbc:ShippingMarks>Text</cbc:ShippingMarks>

			<cac:MeasurementDimension>
				<cbc:AttributeID>AAB</cbc:AttributeID>
				<cbc:Measure unitCode="KGM">1230</cbc:Measure>
			</cac:MeasurementDimension>
			<cac:MeasurementDimension>
				<cbc:AttributeID>AAW</cbc:AttributeID>
				<cbc:Measure unitCode="MTQ">1.55</cbc:Measure>
			</cac:MeasurementDimension>

			<cac:Package>
				<cbc:ID>3453</cbc:ID>
				<cbc:ReturnableMaterialIndicator>true</cbc:ReturnableMaterialIndicator>
				<cbc:PackagingTypeCode>4H</cbc:PackagingTypeCode>
				<cbc:PackingMaterial>Carbon box</cbc:PackingMaterial>

				<cac:GoodsItem>
					<cbc:ID>1</cbc:ID>
					<cbc:Quantity unitCode="EA">72</cbc:Quantity>
				</cac:GoodsItem>
			</cac:Package>

			<cac:Package>
				<cbc:ID>3454</cbc:ID>
				<cbc:ReturnableMaterialIndicator>true</cbc:ReturnableMaterialIndicator>
				<cbc:PackagingTypeCode>4H</cbc:PackagingTypeCode>
				<cbc:PackingMaterial>Carbon box</cbc:PackingMaterial>

				<cac:GoodsItem>
					<cbc:ID>1</cbc:ID>
					<cbc:Quantity unitCode="EA">72</cbc:Quantity>
				</cac:GoodsItem>
			</cac:Package>

			<cac:Package>
				<cbc:ID>3455</cbc:ID>
				<cbc:ReturnableMaterialIndicator>true</cbc:ReturnableMaterialIndicator>
				<cbc:PackagingTypeCode>4H</cbc:PackagingTypeCode>
				<cbc:PackingMaterial>Carbon box</cbc:PackingMaterial>

				<cac:GoodsItem>
					<cbc:ID>1</cbc:ID>
					<cbc:Quantity unitCode="EA">72</cbc:Quantity>
				</cac:GoodsItem>
			</cac:Package>

			<cac:Package>
				<cbc:ID>3456</cbc:ID>
				<cbc:ReturnableMaterialIndicator>true</cbc:ReturnableMaterialIndicator>
				<cbc:PackagingTypeCode>4H</cbc:PackagingTypeCode>
				<cbc:PackingMaterial>Carbon box</cbc:PackingMaterial>

				<cac:GoodsItem>
					<cbc:ID>1</cbc:ID>
					<cbc:Quantity unitCode="EA">72</cbc:Quantity>
				</cac:GoodsItem>
			</cac:Package>

		</cac:TransportHandlingUnit>
		
		<cac:TransportHandlingUnit>
			<cbc:ID>111113333333</cbc:ID>
			<cbc:TransportHandlingUnitTypeCode>AG</cbc:TransportHandlingUnitTypeCode>

			<cbc:ShippingMarks>Text</cbc:ShippingMarks>

			<cac:MeasurementDimension>
				<cbc:AttributeID>AAB</cbc:AttributeID>
				<cbc:Measure unitCode="KGM">1230</cbc:Measure>
			</cac:MeasurementDimension>
			<cac:MeasurementDimension>
				<cbc:AttributeID>AAW</cbc:AttributeID>
				<cbc:Measure unitCode="MTQ">1.55</cbc:Measure>
			</cac:MeasurementDimension>

			<cac:Package>
				<cbc:ID>3457</cbc:ID>
				<cbc:ReturnableMaterialIndicator>true</cbc:ReturnableMaterialIndicator>
				<cbc:PackagingTypeCode>4H</cbc:PackagingTypeCode>
				<cbc:PackingMaterial>Carbon box</cbc:PackingMaterial>

				<cac:GoodsItem>
					<cbc:ID>1</cbc:ID>
					<cbc:Quantity unitCode="EA">72</cbc:Quantity>
				</cac:GoodsItem>
			</cac:Package>

			<cac:Package>
				<cbc:ID>3458</cbc:ID>
				<cbc:ReturnableMaterialIndicator>true</cbc:ReturnableMaterialIndicator>
				<cbc:PackagingTypeCode>4H</cbc:PackagingTypeCode>
				<cbc:PackingMaterial>Carbon box</cbc:PackingMaterial>

				<cac:GoodsItem>
					<cbc:ID>1</cbc:ID>
					<cbc:Quantity unitCode="EA">72</cbc:Quantity>
				</cac:GoodsItem>
			</cac:Package>

			<cac:Package>
				<cbc:ID>3459</cbc:ID>
				<cbc:ReturnableMaterialIndicator>true</cbc:ReturnableMaterialIndicator>
				<cbc:PackagingTypeCode>4H</cbc:PackagingTypeCode>
				<cbc:PackingMaterial>Carbon box</cbc:PackingMaterial>

				<cac:GoodsItem>
					<cbc:ID>1</cbc:ID>
					<cbc:Quantity unitCode="EA">72</cbc:Quantity>
				</cac:GoodsItem>
			</cac:Package>

			<cac:Package>
				<cbc:ID>3460</cbc:ID>
				<cbc:ReturnableMaterialIndicator>true</cbc:ReturnableMaterialIndicator>
				<cbc:PackagingTypeCode>4H</cbc:PackagingTypeCode>
				<cbc:PackingMaterial>Carbon box</cbc:PackingMaterial>

				<cac:GoodsItem>
					<cbc:ID>1</cbc:ID>
					<cbc:Quantity unitCode="EA">72</cbc:Quantity>
				</cac:GoodsItem>
			</cac:Package>

		</cac:TransportHandlingUnit>
		
	</cac:Shipment>
	
	<cac:DespatchLine>
		<cbc:ID>1</cbc:ID>
		<cbc:DeliveredQuantity unitCode="EA">576</cbc:DeliveredQuantity>
		
		<cac:OrderLineReference>
			<cbc:LineID>10</cbc:LineID>
		</cac:OrderLineReference>
		
		<cac:Item>
			<cbc:Name>Stolpförankring galvaniserad</cbc:Name>
			<cac:SellersItemIdentification>
				<cbc:ID>900206705</cbc:ID>
			</cac:SellersItemIdentification>
			<cac:StandardItemIdentification>
				<cbc:ID schemeID="0160">7318936539543</cbc:ID>
			</cac:StandardItemIdentification>
			
			<cac:AdditionalItemProperty>
				<cbc:Name>EPD Dataset ID</cbc:Name>
				<cbc:NameCode listID="IPNC">EPDDataSetID</cbc:NameCode>
				<cbc:Value>165f8554-00cd-43ad-aeb7-ba769854554a</cbc:Value>
			</cac:AdditionalItemProperty>
			<cac:AdditionalItemProperty>
				<cbc:Name>EPD Dataset URL</cbc:Name>
				<cbc:NameCode listID="IPNC">EPDDataSetURL</cbc:NameCode>
				<cbc:Value>https://epdnorway.lca-data.com/datasetdetail/process.xhtml?uuid=165f8554-00cd-43ad-aeb7-ba769854554a&amp;version=00.01.000&amp;stock=PUBLIC</cbc:Value>
			</cac:AdditionalItemProperty>
			<cac:AdditionalItemProperty>
				<cbc:Name>EPD HR URL</cbc:Name>
				<cbc:NameCode listID="IPNC">EPDHRURL</cbc:NameCode>
				<cbc:Value>https://portal.environdec.com/api/api/v1/EPDLibrary/Files/07e17ba1-cf00-48e5-9cf1-d8bd90a468f8/Data</cbc:Value>
			</cac:AdditionalItemProperty>
			<cac:AdditionalItemProperty>
				<cbc:Name>Boverket Resource ID</cbc:Name>
				<cbc:NameCode listID="IPNC">BoVResourceID</cbc:NameCode>
				<cbc:Value>6000000020</cbc:Value>
			</cac:AdditionalItemProperty>
			<cac:Dimension>
				<cbc:AttributeID>AAF</cbc:AttributeID> 
				<cbc:Measure unitCode="KGM">4.0</cbc:Measure>
			</cac:Dimension>
		</cac:Item>
	</cac:DespatchLine>
	
</DespatchAdvice>
