<?xml version="1.0" encoding="UTF-8"?>
<!--
                Content:
                This file contains an Example for Use-case no 6 in UBL Despatch Adivce.
			
-->
<DespatchAdvice xmlns:xsi="http://www.w3.org/2001/XMLSchema-instance"
 xmlns="urn:oasis:names:specification:ubl:schema:xsd:DespatchAdvice-2"
 xmlns:cac="urn:oasis:names:specification:ubl:schema:xsd:CommonAggregateComponents-2"
 xmlns:cbc="urn:oasis:names:specification:ubl:schema:xsd:CommonBasicComponents-2">
	
	<cbc:CustomizationID>urn:fdc:peppol.eu:logistics:trns:advanced_despatch_advice:1</cbc:CustomizationID>
	<cbc:ProfileID>urn:fdc:peppol.eu:logistics:bis:despatch_advice_only:1</cbc:ProfileID>
	
	<cbc:ID>43413589</cbc:ID>
	<cbc:IssueDate>2020-12-21</cbc:IssueDate>
	<cbc:IssueTime>13:14:34</cbc:IssueTime>
	<cbc:Note>Some note about the delivery</cbc:Note>
	
	
	<cac:OrderReference>
		<cbc:ID>AEG012345</cbc:ID>
	</cac:OrderReference>

	<cac:AdditionalDocumentReference>
		<cbc:ID>P-12345</cbc:ID>
		<cbc:DocumentType>ProjectReference</cbc:DocumentType>
	</cac:AdditionalDocumentReference>
	<cac:AdditionalDocumentReference>
		<cbc:ID>12345-7669-12125</cbc:ID>
		<cbc:DocumentType>AccountingCost</cbc:DocumentType>
	</cac:AdditionalDocumentReference>


	<cac:DespatchSupplierParty>
		<cac:Party>
			<cbc:EndpointID schemeID="0007">5567931638</cbc:EndpointID>
			<cac:PartyIdentification>
				<cbc:ID schemeID="0007">5567931638</cbc:ID>
			</cac:PartyIdentification>
			<cac:PostalAddress>
				<cbc:StreetName>Warfvinges väg 25</cbc:StreetName>
				<cbc:CityName>Stockholm</cbc:CityName>
				<cbc:PostalZone>112 74</cbc:PostalZone>
				<cac:Country>
					<cbc:IdentificationCode>SE</cbc:IdentificationCode>
				</cac:Country>
			</cac:PostalAddress>
			<cac:PartyLegalEntity>
				<cbc:RegistrationName>Skanska Industrial Solutions AB</cbc:RegistrationName>
			</cac:PartyLegalEntity>
			<cac:Contact>
				<cbc:Name>Kalle Kula</cbc:Name>
				<cbc:Telephone>075-13456778</cbc:Telephone>
				<cbc:ElectronicMail>someother.email@skanska.se</cbc:ElectronicMail>
			</cac:Contact>
		</cac:Party>
	</cac:DespatchSupplierParty>
	
	<cac:DeliveryCustomerParty>
		<cac:Party>
			<cbc:EndpointID schemeID="0007">5560339086</cbc:EndpointID>
			<cac:PartyIdentification>
				<cbc:ID schemeID="0007">5560339086</cbc:ID>
			</cac:PartyIdentification>
			<cac:PostalAddress>
				<cbc:StreetName>Warfvinges väg 25</cbc:StreetName>
				<cbc:CityName>Stockholm</cbc:CityName>
				<cbc:PostalZone>112 74</cbc:PostalZone>
				<cac:Country>
					<cbc:IdentificationCode>SE</cbc:IdentificationCode>
				</cac:Country>
			</cac:PostalAddress>
			<cac:PartyLegalEntity>
				<cbc:RegistrationName>Skanska Sverige AB</cbc:RegistrationName>
			</cac:PartyLegalEntity>
			<cac:Contact>
				<cbc:Name>Alexander Janving</cbc:Name>
				<cbc:Telephone>010-448 00 004</cbc:Telephone>
				<cbc:ElectronicMail>some.email@skanska.se</cbc:ElectronicMail>
			</cac:Contact>
		</cac:Party>
	</cac:DeliveryCustomerParty>
	
	<cac:BuyerCustomerParty>
		<cac:Party>
			<cac:PartyIdentification>
				<cbc:ID schemeID="0007">5560339086</cbc:ID>
			</cac:PartyIdentification>
			<cac:PartyName>
				<cbc:Name>Skanska Sverige AB</cbc:Name>
			</cac:PartyName>
			<cac:PostalAddress>
				<cbc:StreetName>Warfvinges väg 25</cbc:StreetName>
				<cbc:CityName>Stockholm</cbc:CityName>
				<cbc:PostalZone>112 74</cbc:PostalZone>
				<cac:Country>
					<cbc:IdentificationCode>SE</cbc:IdentificationCode>
				</cac:Country>
			</cac:PostalAddress>
		</cac:Party>
	</cac:BuyerCustomerParty>
	
	<cac:SellerSupplierParty>
		<cac:Party>
			<cac:PartyIdentification>
				<cbc:ID schemeID="0007">5567931638</cbc:ID>
			</cac:PartyIdentification>
			<cac:PartyName>
				<cbc:Name>Skanska Industrial Solutions AB</cbc:Name>
			</cac:PartyName>
			<cac:PostalAddress>
				<cbc:StreetName>Warfvinges väg 25</cbc:StreetName>
				<cbc:CityName>Stockholm</cbc:CityName>
				<cbc:PostalZone>112 74</cbc:PostalZone>
				<cac:Country>
					<cbc:IdentificationCode>SE</cbc:IdentificationCode>
				</cac:Country>
			</cac:PostalAddress>
		</cac:Party>
	</cac:SellerSupplierParty>
	
	<cac:DespatchLine>
		<cbc:ID>1</cbc:ID>
		<!-- Notera att enheterna kommer från en -->
		<cbc:DeliveredQuantity unitCode="TNE">12.255</cbc:DeliveredQuantity>
		
		<cac:OrderLineReference>
			<cbc:LineID>10</cbc:LineID>
		</cac:OrderLineReference>

		<cac:DocumentReference>
			<cbc:ID>MT8723456</cbc:ID>
			<cbc:DocumentType>MaterialTicketNumber</cbc:DocumentType>
		</cac:DocumentReference>

		<cac:Item>
			<cbc:Name>Fabriksbetong, husbyggnad C25/30</cbc:Name>
			<cac:SellersItemIdentification>
				<cbc:ID>212611</cbc:ID>
			</cac:SellersItemIdentification>

			<cac:AdditionalItemProperty>
				<cbc:Name>Boverket Resource ID</cbc:Name>
				<cbc:NameCode listID="IPNC">BoVResourceID</cbc:NameCode>
				<cbc:Value>6000000029</cbc:Value>
			</cac:AdditionalItemProperty>

		</cac:Item>
	</cac:DespatchLine>
	
</DespatchAdvice>
