<?xml version="1.0" encoding="UTF-8"?>
<!--
                Content:
                This file contains a Example of Miljödata NU! base information in UBL Despatch Adivce.
			
-->
<DespatchAdvice xmlns:xsi="http://www.w3.org/2001/XMLSchema-instance"
 xmlns="urn:oasis:names:specification:ubl:schema:xsd:DespatchAdvice-2"
 xmlns:cac="urn:oasis:names:specification:ubl:schema:xsd:CommonAggregateComponents-2"
 xmlns:cbc="urn:oasis:names:specification:ubl:schema:xsd:CommonBasicComponents-2">
 <cbc:CustomizationID>urn:fdc:peppol.eu:logistics:trns:advanced_despatch_advice:1</cbc:CustomizationID>
 <cbc:ProfileID>urn:fdc:peppol.eu:logistics:bis:despatch_advice_only:1</cbc:ProfileID>
	<cbc:ID>
		<?Description Unique id from the sender ?>43413589
	</cbc:ID>
	
	<!-- Unique ID from the supplier -->
	<cbc:IssueDate>2020-12-21</cbc:IssueDate>
	<cbc:IssueTime>13:14:34</cbc:IssueTime>
	<cbc:Note>Some note about the delivery</cbc:Note>
	<cac:AdditionalDocumentReference>
		<cbc:ID>9876986</cbc:ID>
		<cbc:DocumentType>ProjectReference</cbc:DocumentType>
	</cac:AdditionalDocumentReference>
	<cac:AdditionalDocumentReference>
		<cbc:ID>9876986-1-5544</cbc:ID>
		<cbc:DocumentType>AccountingCost</cbc:DocumentType>
	</cac:AdditionalDocumentReference>
	<cac:DespatchSupplierParty>
		<!-- Mandatory, the party that despatcheds the goods or provides service -->
		<cac:Party>
			<cbc:EndpointID schemeID="0007">5560125220</cbc:EndpointID>
			<cac:PartyIdentification>
				<cbc:ID schemeID="0007">5560125220</cbc:ID>
			</cac:PartyIdentification>
			<cac:PostalAddress>
				<cbc:StreetName>Bällstavägen 102</cbc:StreetName>
				<cbc:CityName>Bromma</cbc:CityName>
				<cbc:PostalZone>168 64</cbc:PostalZone>
				<cac:Country>
					<cbc:IdentificationCode>SE</cbc:IdentificationCode>
				</cac:Country>
			</cac:PostalAddress>
			<cac:PartyLegalEntity>
				<cbc:RegistrationName>Beijer Byggmaterial AB</cbc:RegistrationName>
			</cac:PartyLegalEntity>
			<cac:Contact>
				<cbc:Name>Robin Olsson</cbc:Name>
				<cbc:Telephone>075-241 32304</cbc:Telephone>
				<cbc:ElectronicMail>info.bromma@beijerbygg.se</cbc:ElectronicMail>
			</cac:Contact>
		</cac:Party>
	</cac:DespatchSupplierParty>
	<cac:DeliveryCustomerParty>
		<!-- Mandatory, the party that recieves the goods or service -->
		<cac:Party>
			<cbc:EndpointID schemeID="0007">5560339086</cbc:EndpointID>
			<cac:PartyIdentification>
				<cbc:ID schemeID="0007">5560339086</cbc:ID>
			</cac:PartyIdentification>
			<cac:PostalAddress>
				<cbc:StreetName>Warfvinges väg 25</cbc:StreetName>
				<cbc:CityName>Stockholm</cbc:CityName>
				<cbc:PostalZone>112 74</cbc:PostalZone>
				<cac:Country>
					<cbc:IdentificationCode>SE</cbc:IdentificationCode>
				</cac:Country>
			</cac:PostalAddress>
			<cac:PartyLegalEntity>
				<cbc:RegistrationName>Skanska Sverige AB</cbc:RegistrationName>
			</cac:PartyLegalEntity>
			<cac:Contact>
				<cbc:Name>Alexander Janving</cbc:Name>
				<cbc:Telephone>010-448 00 004</cbc:Telephone>
				<cbc:ElectronicMail>some.email@skanska.se</cbc:ElectronicMail>
			</cac:Contact>
		</cac:Party>
	</cac:DeliveryCustomerParty>
	<cac:BuyerCustomerParty>
		<!-- BEAst recommends sending BuyerCustomerParty even if it is optional since it is easier for the receiver. -->
		<cac:Party>
			<cac:PartyIdentification>
				<cbc:ID schemeID="0007">5560339086</cbc:ID>
			</cac:PartyIdentification>
			<cac:PartyName>
				<cbc:Name>Skanska Sverige AB</cbc:Name>
			</cac:PartyName>
			<cac:PostalAddress>
				<cbc:StreetName>Warfvinges väg 25</cbc:StreetName>
				<cbc:CityName>Stockholm</cbc:CityName>
				<cbc:PostalZone>112 74</cbc:PostalZone>
				<cac:Country>
					<cbc:IdentificationCode>SE</cbc:IdentificationCode>
				</cac:Country>
			</cac:PostalAddress>
		</cac:Party>
	</cac:BuyerCustomerParty>
	<cac:SellerSupplierParty>
		<!-- BEAst recommends sending SellerSupplierParty even if it is optional since it is easier for the receiver. -->
		<cac:Party>
			<cac:PartyIdentification>
				<cbc:ID schemeID="0007">5560125220</cbc:ID>
			</cac:PartyIdentification>
			<cac:PartyName>
				<cbc:Name>Beijer Byggmaterial AB</cbc:Name>
			</cac:PartyName>
			<cac:PostalAddress>
				<cbc:StreetName>Bällstavägen 102</cbc:StreetName>
				<cbc:CityName>Bromma</cbc:CityName>
				<cbc:PostalZone>168 64</cbc:PostalZone>
				<cac:Country>
					<cbc:IdentificationCode>SE</cbc:IdentificationCode>
				</cac:Country>
			</cac:PostalAddress>
		</cac:Party>
	</cac:SellerSupplierParty>
	<cac:Shipment>
		<cbc:ID>1</cbc:ID>
		<!-- Mandatory Shipment number (fraktsedelsnummer) is mapped to this field -->
		<cac:Delivery>
			<cac:EstimatedDeliveryPeriod>
				<cbc:StartDate>2022-11-23</cbc:StartDate>
				<cbc:EndDate>2022-11-23</cbc:EndDate>
			</cac:EstimatedDeliveryPeriod>
		</cac:Delivery>
	</cac:Shipment>
	<cac:DespatchLine>
		<cbc:ID>1</cbc:ID>
		<cbc:DeliveredQuantity unitCode="EA">84</cbc:DeliveredQuantity>
		<cac:OrderLineReference>
			<!-- Mandatory -->
			<cbc:LineID>NA</cbc:LineID>
		</cac:OrderLineReference>
		<cac:Item>
			<cbc:Name>GIPSSKIVA NORMAL VÄDERPLASTAD 2700x900x13</cbc:Name>
			<cac:BuyersItemIdentification>
				<cbc:ID>9870202</cbc:ID>
				<!-- Litera number or similar, used for the buyer reference -->
			</cac:BuyersItemIdentification>
			<cac:SellersItemIdentification>
				<cbc:ID>900206705</cbc:ID>
			</cac:SellersItemIdentification>
			<cac:StandardItemIdentification>
				<cbc:ID schemeID="0160">7318936539543</cbc:ID>
				<!-- 0160 = GTIN, full list https://docs.peppol.eu/poacc/upgrade-3/codelist/ICD/ -->
			</cac:StandardItemIdentification>
			<cac:AdditionalItemProperty>
				<cbc:Name>EPD Dataset ID</cbc:Name>
				<cbc:NameCode listID="IPNC">EPDDataSetID</cbc:NameCode>
				<cbc:Value>165f8554-00cd-43ad-aeb7-ba769854554a</cbc:Value>
			</cac:AdditionalItemProperty>
			<cac:AdditionalItemProperty>
				<cbc:Name>EPD Dataset URL</cbc:Name>
				<cbc:NameCode listID="IPNC">EPDDataSetURL</cbc:NameCode>
				<cbc:Value>https://epdnorway.lca-data.com/datasetdetail/process.xhtml?uuid=165f8554-00cd-43ad-aeb7-ba769854554a&amp;version=00.01.000&amp;stock=PUBLIC</cbc:Value>
			</cac:AdditionalItemProperty>
			<cac:AdditionalItemProperty>
				<cbc:Name>EPD HR URL</cbc:Name>
				<cbc:NameCode listID="IPNC">EPDHRURL</cbc:NameCode>
				<cbc:Value>https://portal.environdec.com/api/api/v1/EPDLibrary/Files/07e17ba1-cf00-48e5-9cf1-d8bd90a468f8/Data</cbc:Value>
			</cac:AdditionalItemProperty>
			<cac:AdditionalItemProperty>
				<cbc:Name>Boverket Resource ID</cbc:Name>
				<cbc:NameCode listID="IPNC">BoVResourceID</cbc:NameCode>
				<cbc:Value>6000000020</cbc:Value>
			</cac:AdditionalItemProperty>
		</cac:Item>
	</cac:DespatchLine>
	<cac:DespatchLine>
		<cbc:ID>2</cbc:ID>
		<cbc:DeliveredQuantity unitCode="EA">30</cbc:DeliveredQuantity>
		<cac:OrderLineReference>
			<cbc:LineID>NA</cbc:LineID>
			<!-- Mandatory, if no order number and line has been provided by the buyer, set it to NA -->
		</cac:OrderLineReference>
		<cac:Item>
			<cbc:Name>Gyproc GFE 15 VPL PROTECT F Ergo 2700x900</cbc:Name>
			<cac:BuyersItemIdentification>
				<cbc:ID>006496171</cbc:ID>
				<!-- Litera number or similar, used for the buyer reference -->
			</cac:BuyersItemIdentification>
			<cac:SellersItemIdentification>
				<cbc:ID>900206705</cbc:ID>
			</cac:SellersItemIdentification>
			<cac:StandardItemIdentification>
				<cbc:ID schemeID="0160">7318936616442</cbc:ID>
				<!-- 0160 = GTIN, full list https://docs.peppol.eu/poacc/upgrade-3/codelist/ICD/ -->
			</cac:StandardItemIdentification>
			<cac:AdditionalItemProperty>
				<cbc:Name>EPD Dataset ID</cbc:Name>
				<cbc:NameCode listID="IPNC">EPDDataSetID</cbc:NameCode>
				<cbc:Value>a8a00e68-fc50-44e3-8772-1ebfe6c2353c</cbc:Value>
			</cac:AdditionalItemProperty>
			<cac:AdditionalItemProperty>
				<cbc:Name>EPD Dataset URL</cbc:Name>
				<cbc:NameCode listID="IPNC">EPDDataSetURL</cbc:NameCode>
				<cbc:Value>https://epdnorway.lca-data.com/resource/processes/a8a00e68-fc50-44e3-8772-1ebfe6c2353c?format=xml</cbc:Value>
			</cac:AdditionalItemProperty>
			<cac:AdditionalItemProperty>
				<cbc:Name>EPD HR URL</cbc:Name>
				<cbc:NameCode listID="IPNC">EPDHRURL</cbc:NameCode>
				<cbc:Value>https://portal.environdec.com/api/api/v1/EPDLibrary/Files/07e17ba1-cf00-48e5-9cf1-d8bd90a468f8/Data</cbc:Value>
			</cac:AdditionalItemProperty>
			<cac:AdditionalItemProperty>
				<cbc:Name>GWP GHG A1-3 vA1 EPD line value</cbc:Name>
				<cbc:NameCode listID="IPNC">GWP-GHG_A1-3_vA1</cbc:NameCode>
				<cbc:Value>123 kg</cbc:Value>
				<cbc:ValueQuantity unitCode="KGM">123</cbc:ValueQuantity>
			</cac:AdditionalItemProperty>
			<cac:AdditionalItemProperty>
				<cbc:Name>Boverket Resource ID</cbc:Name>
				<cbc:NameCode listID="IPNC">BoVResourceID</cbc:NameCode>
				<cbc:Value>6000000016</cbc:Value>
			</cac:AdditionalItemProperty>
		</cac:Item>
	</cac:DespatchLine>
</DespatchAdvice>
