<?xml version="1.0" encoding="UTF-8"?>
<!--
                Content:
                This file contains an Example for Use-case no 10 in UBL Despatch Advice.
			
-->
<DespatchAdvice xmlns:xsi="http://www.w3.org/2001/XMLSchema-instance"
 xmlns="urn:oasis:names:specification:ubl:schema:xsd:DespatchAdvice-2"
 xmlns:cac="urn:oasis:names:specification:ubl:schema:xsd:CommonAggregateComponents-2"
 xmlns:cbc="urn:oasis:names:specification:ubl:schema:xsd:CommonBasicComponents-2">
	
	<cbc:CustomizationID>urn:fdc:peppol.eu:logistics:trns:advanced_despatch_advice:1</cbc:CustomizationID>
	<cbc:ProfileID>urn:fdc:peppol.eu:logistics:bis:despatch_advice_only:1</cbc:ProfileID>
	
	<cbc:ID>43413589</cbc:ID>
	<cbc:IssueDate>2020-12-21</cbc:IssueDate>
	<cbc:IssueTime>13:14:34</cbc:IssueTime>
	<cbc:DespatchAdviceTypeCode>2</cbc:DespatchAdviceTypeCode>
	
	<cac:AdditionalDocumentReference>
		<cbc:ID>P-12345</cbc:ID>
		<cbc:DocumentType>ProjectReference</cbc:DocumentType>
	</cac:AdditionalDocumentReference>
	<cac:AdditionalDocumentReference>
		<cbc:ID>P-12345:7669:12125</cbc:ID>
		<cbc:DocumentType>AccountingCost</cbc:DocumentType>
	</cac:AdditionalDocumentReference>
	<cac:AdditionalDocumentReference>
		<cbc:ID>SEK</cbc:ID>
		<cbc:DocumentType>CurrencyCode</cbc:DocumentType>
	</cac:AdditionalDocumentReference>

	<cac:DespatchSupplierParty>
		<cac:Party>
			<cbc:EndpointID schemeID="0007">5560125220</cbc:EndpointID>
			<cac:PartyIdentification>
				<cbc:ID schemeID="0007">5560125220</cbc:ID>
			</cac:PartyIdentification>
			<cac:PostalAddress>
				<cbc:StreetName>Industrivägen 22</cbc:StreetName>
				<cbc:CityName>Bromma</cbc:CityName>
				<cbc:PostalZone>168 64</cbc:PostalZone>
				<cac:Country>
					<cbc:IdentificationCode>SE</cbc:IdentificationCode>
				</cac:Country>
			</cac:PostalAddress>
			<cac:PartyLegalEntity>
				<cbc:RegistrationName>Johanssons åkeri AB</cbc:RegistrationName>
			</cac:PartyLegalEntity>
			<cac:Contact>
				<cbc:Name>Robin Olsson</cbc:Name>
				<cbc:Telephone>070-123 32304</cbc:Telephone>
				<cbc:ElectronicMail>info@johanssonsakeri.se</cbc:ElectronicMail>
			</cac:Contact>
		</cac:Party>
	</cac:DespatchSupplierParty>
	
	<cac:DeliveryCustomerParty>
		<cac:Party>
			<cbc:EndpointID schemeID="0007">5560339086</cbc:EndpointID>
			<cac:PartyIdentification>
				<cbc:ID schemeID="0007">5560339086</cbc:ID>
			</cac:PartyIdentification>
			<cac:PostalAddress>
				<cbc:StreetName>Warfvinges väg 25</cbc:StreetName>
				<cbc:CityName>Stockholm</cbc:CityName>
				<cbc:PostalZone>112 74</cbc:PostalZone>
				<cac:Country>
					<cbc:IdentificationCode>SE</cbc:IdentificationCode>
				</cac:Country>
			</cac:PostalAddress>
			<cac:PartyLegalEntity>
				<cbc:RegistrationName>Skanska Sverige AB</cbc:RegistrationName>
			</cac:PartyLegalEntity>
			<cac:Contact>
				<cbc:Name>Alexander Janving</cbc:Name>
				<cbc:Telephone>010-123 00 004</cbc:Telephone>
				<cbc:ElectronicMail>some.email@skanska.se</cbc:ElectronicMail>
			</cac:Contact>
		</cac:Party>
	</cac:DeliveryCustomerParty>
	
	<cac:BuyerCustomerParty>
		<cac:Party>
			<cac:PartyIdentification>
				<cbc:ID schemeID="0007">5560339086</cbc:ID>
			</cac:PartyIdentification>
			<cac:PostalAddress>
				<cbc:StreetName>Warfvinges väg 25</cbc:StreetName>
				<cbc:CityName>Stockholm</cbc:CityName>
				<cbc:PostalZone>112 74</cbc:PostalZone>
				<cac:Country>
					<cbc:IdentificationCode>SE</cbc:IdentificationCode>
				</cac:Country>
				<cac:PartyLegalEntity>
					<cbc:RegistrationName>Skanska Sverige AB</cbc:RegistrationName>
				</cac:PartyLegalEntity>
			</cac:PostalAddress>
		</cac:Party>
	</cac:BuyerCustomerParty>
	
	<cac:SellerSupplierParty>
		<cac:Party>
			<cac:PartyIdentification>
				<cbc:ID schemeID="0007">5560125220</cbc:ID>
			</cac:PartyIdentification>
			<cac:PostalAddress>
				<cbc:StreetName>Industrivägen 22</cbc:StreetName>
				<cbc:CityName>Bromma</cbc:CityName>
				<cbc:PostalZone>168 64</cbc:PostalZone>
				<cac:Country>
					<cbc:IdentificationCode>SE</cbc:IdentificationCode>
				</cac:Country>
			</cac:PostalAddress>
			<cac:PartyLegalEntity>
				<cbc:RegistrationName>Johanssons åkeri AB</cbc:RegistrationName>
			</cac:PartyLegalEntity>
		</cac:Party>
	</cac:SellerSupplierParty>
	
	<cac:Shipment>
		<cbc:ID>2343127641</cbc:ID>
		
		<cac:Consignment>
			<cbc:ID>NA</cbc:ID>
			
			<cac:OriginalDespatchTransportationService>
				<cbc:TransportServiceCode>FuelReport</cbc:TransportServiceCode>
				<cac:TransportEquipment>
					<cbc:TransportEquipmentTypeCode>Diesel</cbc:TransportEquipmentTypeCode>
					<cbc:Description>ACP Diesel 50 max 7% RME</cbc:Description>
					<cac:MeasurementDimension>
						<cbc:AttributeID>FuelConsumption</cbc:AttributeID>
						<cbc:Measure unitCode="LTR">15</cbc:Measure>
					</cac:MeasurementDimension>
					<cac:MeasurementDimension>
						<cbc:AttributeID>EnergyContent</cbc:AttributeID>
						<cbc:Measure unitCode="E14">32</cbc:Measure>
					</cac:MeasurementDimension>
					<cac:MeasurementDimension>
						<cbc:AttributeID>ConversionFactor</cbc:AttributeID>
						<cbc:Measure unitCode="EA">27</cbc:Measure>
					</cac:MeasurementDimension>
					<cac:MeasurementDimension>
						<cbc:AttributeID>DrivingDistance</cbc:AttributeID>
						<cbc:Measure unitCode="KMT">86</cbc:Measure>
					</cac:MeasurementDimension>
					<cac:MeasurementDimension>
						<cbc:AttributeID>DrivingTime</cbc:AttributeID>
						<cbc:Measure unitCode="HUR">7.3</cbc:Measure>
					</cac:MeasurementDimension>
					<cac:MeasurementDimension>
						<cbc:AttributeID>RenewableFuel</cbc:AttributeID>
						<cbc:Measure unitCode="P1">100.00</cbc:Measure>
					</cac:MeasurementDimension>
					<cac:MeasurementDimension>
						<cbc:AttributeID>FuelMeasurementMethod</cbc:AttributeID>
						<cbc:Description>AutomaticMeasurement</cbc:Description>
					</cac:MeasurementDimension>
					<cac:MeasurementDimension>
						<cbc:AttributeID>EngineType</cbc:AttributeID>
						<cbc:Description>EURO4</cbc:Description>
					</cac:MeasurementDimension>
					<cac:ProviderParty>
						<cac:PartyIdentification>
							<cbc:ID schemeID="0007">5560726977</cbc:ID>
						</cac:PartyIdentification>
						<cac:PartyName>
							<cbc:Name>Preem AB</cbc:Name>
						</cac:PartyName>
					</cac:ProviderParty>
					<cac:GoodsItem>
						<cac:Item>
							<cac:SellersItemIdentification>
								<cbc:ID>123</cbc:ID>
							</cac:SellersItemIdentification>
							<cac:StandardItemIdentification>
								<cbc:ID schemeID="0160">1234567891234</cbc:ID>
							</cac:StandardItemIdentification>
						</cac:Item>
					</cac:GoodsItem>
				</cac:TransportEquipment>
				
				<cac:EnvironmentalEmission>
					<cbc:EnvironmentalEmissionTypeCode>CO2</cbc:EnvironmentalEmissionTypeCode>
					<cbc:ValueMeasure unitCode="KGM">2.8</cbc:ValueMeasure>
				</cac:EnvironmentalEmission>
				
				<cac:EnvironmentalEmission>
					<cbc:EnvironmentalEmissionTypeCode>HC</cbc:EnvironmentalEmissionTypeCode>
					<cbc:ValueMeasure unitCode="KGM">0.6</cbc:ValueMeasure>
				</cac:EnvironmentalEmission>

				<cac:EnvironmentalEmission>
					<cbc:EnvironmentalEmissionTypeCode>NOX</cbc:EnvironmentalEmissionTypeCode>
					<cbc:ValueMeasure unitCode="KGM">6</cbc:ValueMeasure>
				</cac:EnvironmentalEmission>

				<cac:EnvironmentalEmission>
					<cbc:EnvironmentalEmissionTypeCode>PM</cbc:EnvironmentalEmissionTypeCode>
					<cbc:ValueMeasure unitCode="GRM">0.07</cbc:ValueMeasure>
				</cac:EnvironmentalEmission>
				
			</cac:OriginalDespatchTransportationService>
		</cac:Consignment>

		<cac:ShipmentStage>
			<cbc:TransportModeCode>3</cbc:TransportModeCode>
			<cac:TransportMeans>
				<cac:RoadTransport>
					<cbc:LicensePlateID>ABC123</cbc:LicensePlateID>
				</cac:RoadTransport>
			</cac:TransportMeans>
		</cac:ShipmentStage>
		
		<cac:Delivery>

			<cbc:ActualDeliveryDate>2020-12-21</cbc:ActualDeliveryDate>
			<cbc:ActualDeliveryTime>07:15:00</cbc:ActualDeliveryTime>

			<cac:DeliveryLocation>
				<cbc:ID schemeID="0088">5790000435951</cbc:ID>
				<cbc:Name>Construction site ABC</cbc:Name>
				<cac:Address>
					<cbc:StreetName>Construction road 1</cbc:StreetName>
					<cbc:CityName>Stockholm</cbc:CityName>
					<cbc:PostalZone>123 45</cbc:PostalZone>
					<cac:Country>
						<cbc:IdentificationCode>SE</cbc:IdentificationCode>
					</cac:Country>
					<cac:LocationCoordinate>
						<cbc:CoordinateSystemCode>EPSG:3857</cbc:CoordinateSystemCode>
						<cbc:LatitudeDegreesMeasure unitCode="DD">123.456</cbc:LatitudeDegreesMeasure>
						<cbc:LongitudeDegreesMeasure unitCode="DD">123.456</cbc:LongitudeDegreesMeasure>
					</cac:LocationCoordinate>
				</cac:Address>
			</cac:DeliveryLocation>

			<cac:Despatch>
				<cbc:ActualDespatchDate>2020-12-21</cbc:ActualDespatchDate>
				<cbc:ActualDespatchTime>06:30:00</cbc:ActualDespatchTime>
				
				<cac:DespatchAddress>
					<cbc:StreetName>Quarry road 1</cbc:StreetName>
					<cbc:CityName>Stockholm</cbc:CityName>
					<cbc:PostalZone>123 45</cbc:PostalZone>
					<cac:Country>
						<cbc:IdentificationCode>SE</cbc:IdentificationCode>
					</cac:Country>
					<cac:LocationCoordinate>
						<cbc:CoordinateSystemCode>EPSG:3857</cbc:CoordinateSystemCode>
						<cbc:LatitudeDegreesMeasure unitCode="DD">59.33169866504851</cbc:LatitudeDegreesMeasure>
						<cbc:LongitudeDegreesMeasure unitCode="DD">18.063330898492403</cbc:LongitudeDegreesMeasure>
					</cac:LocationCoordinate>
				</cac:DespatchAddress>

			</cac:Despatch>
		</cac:Delivery>
	</cac:Shipment>
	
	<cac:DespatchLine>
		<cbc:ID>1</cbc:ID>
		<cbc:DeliveredQuantity unitCode="HUR">1.25</cbc:DeliveredQuantity>
		
		<cac:OrderLineReference>
			<cbc:LineID>10</cbc:LineID>
			<cac:OrderReference>
				<cbc:ID>AEG012345</cbc:ID>
			</cac:OrderReference>
		</cac:OrderLineReference>

		<cac:DocumentReference>
			<cbc:ID>MT8723456</cbc:ID>
			<cbc:DocumentTypeCode>15</cbc:DocumentTypeCode>
		</cac:DocumentReference>
		
		<cac:Item>
			<cbc:Name>Schaktbil och släp med schaktflak</cbc:Name>
			<cac:SellersItemIdentification>
				<cbc:ID>212611</cbc:ID>
			</cac:SellersItemIdentification>

			<cac:CommodityClassification>
				<cbc:ItemClassificationCode listID="ZZZ" listVersionID="2022-05-27" name="SA">182200000</cbc:ItemClassificationCode>
			</cac:CommodityClassification>

			<cac:AdditionalItemProperty>
				<cbc:Name>NA</cbc:Name>
				<cbc:NameCode listID="IPNC">Price</cbc:NameCode>
				<cbc:Value>975.00</cbc:Value>
				<cbc:ValueQualifier>CON</cbc:ValueQualifier>
			</cac:AdditionalItemProperty>

		</cac:Item>
	</cac:DespatchLine>

	<cac:DespatchLine>
		<cbc:ID>2</cbc:ID>
		<cbc:DeliveredQuantity unitCode="HUR">0.50</cbc:DeliveredQuantity>

		<cac:OrderLineReference>
			<cbc:LineID>10</cbc:LineID>
			<cac:OrderReference>
				<cbc:ID>AEG012345</cbc:ID>
			</cac:OrderReference>
		</cac:OrderLineReference>

		<cac:DocumentReference>
			<cbc:ID>MT8723456</cbc:ID>
			<cbc:DocumentTypeCode>15</cbc:DocumentTypeCode>
		</cac:DocumentReference>

		<cac:Item>
			<cbc:Name>Väntetid</cbc:Name>
			<cac:SellersItemIdentification>
				<cbc:ID>212611</cbc:ID>
			</cac:SellersItemIdentification>

			<cac:CommodityClassification>
				<cbc:ItemClassificationCode listID="ZZZ" listVersionID="2022-05-27" name="SA">182205200</cbc:ItemClassificationCode>
			</cac:CommodityClassification>

			<cac:AdditionalItemProperty>
				<cbc:Name>NA</cbc:Name>
				<cbc:NameCode listID="IPNC">Price</cbc:NameCode>
				<cbc:Value>375.00</cbc:Value>
				<cbc:ValueQualifier>CON</cbc:ValueQualifier>
			</cac:AdditionalItemProperty>

		</cac:Item>
	</cac:DespatchLine>
	
</DespatchAdvice>
