<?xml version="1.0" encoding="UTF-8"?><></>
<ubl:DespatchAdvice>
  <cbc:CustomizationID>urn:fdc:peppol.eu:logistics:trns:advanced_despatch_advice:1</cbc:CustomizationID>
  <cbc:ProfileID>urn:fdc:peppol.eu:logistics:bis:despatch_advice_only:1</cbc:ProfileID>
  <cbc:ID>5658999</cbc:ID>
  <cbc:IssueDate>2021-09-10</cbc:IssueDate>
  <cbc:IssueTime>12:00:00</cbc:IssueTime>
  <cbc:DocumentStatusCode>9</cbc:DocumentStatusCode>
  <cbc:DespatchAdviceTypeCode>1</cbc:DespatchAdviceTypeCode>
  <cbc:Note>Text</cbc:Note>
  <cac:OrderReference>
    <cbc:ID>AEG0123456</cbc:ID>
  </cac:OrderReference>
  <cac:AdditionalDocumentReference>
    <cbc:ID>7648779</cbc:ID>
    <cbc:DocumentTypeCode>380</cbc:DocumentTypeCode>
    <cbc:DocumentType>BEAST:FreightPayersCustomerNumber</cbc:DocumentType>
    <cac:Attachment>
      <cbc:EmbeddedDocumentBinaryObject>aHR0cHM6Ly90ZXN0LXZlZmEuZGlmaS5uby9wZXBwb2xiaXMvcG9hY2MvYmlsbGluZy8zLjAvYmlzLw==</cbc:EmbeddedDocumentBinaryObject>
      <cac:ExternalReference>
        <cbc:URI>www.beast.se</cbc:URI>
      </cac:ExternalReference>
    </cac:Attachment>
  </cac:AdditionalDocumentReference>
  <cac:DespatchSupplierParty>
    <cac:Party>
      <cbc:EndpointID>7300010000001</cbc:EndpointID>
      <cac:PartyIdentification>
        <cbc:ID>7300010000001</cbc:ID>
      </cac:PartyIdentification>
      <cac:PartyName>
        <cbc:Name>Sender inc.</cbc:Name>
      </cac:PartyName>
      <cac:PostalAddress>
        <cbc:StreetName>Busy Street</cbc:StreetName>
        <cbc:AdditionalStreetName>way 1</cbc:AdditionalStreetName>
        <cbc:CityName>Farthing</cbc:CityName>
        <cbc:PostalZone>AA99 1BB</cbc:PostalZone>
        <cbc:CountrySubentity>Heremouthshire</cbc:CountrySubentity>
        <cac:AddressLine>
          <cbc:Line>The Roundabout</cbc:Line>
        </cac:AddressLine>
        <cac:Country>
          <cbc:IdentificationCode>GB</cbc:IdentificationCode>
        </cac:Country>
      </cac:PostalAddress>
      <cac:PartyTaxScheme>
        <cbc:CompanyID>GB325456788</cbc:CompanyID>
        <cac:TaxScheme>
          <cbc:ID>VAT</cbc:ID>
        </cac:TaxScheme>
      </cac:PartyTaxScheme>
      <cac:PartyLegalEntity>
        <cbc:RegistrationName>Consortial</cbc:RegistrationName>
        <cbc:CompanyID>SC234567</cbc:CompanyID>
        <cac:RegistrationAddress>
          <cbc:CityName>Farthing</cbc:CityName>
          <cac:Country>
            <cbc:IdentificationCode>UK</cbc:IdentificationCode>
          </cac:Country>
        </cac:RegistrationAddress>
      </cac:PartyLegalEntity>
      <cac:Contact>
        <cbc:Name>Mrs Bouquet</cbc:Name>
        <cbc:Telephone>0158 1233714</cbc:Telephone>
        <cbc:ElectronicMail>bouquet@fpconsortial.co.uk</cbc:ElectronicMail>
      </cac:Contact>
    </cac:Party>
  </cac:DespatchSupplierParty>
  <cac:DeliveryCustomerParty>
    <cac:Party>
      <cbc:EndpointID>5798000000124</cbc:EndpointID>
      <cac:PartyIdentification>
        <cbc:ID>5790000435951</cbc:ID>
      </cac:PartyIdentification>
      <cac:PartyName>
        <cbc:Name>Sender inc.</cbc:Name>
      </cac:PartyName>
      <cac:PostalAddress>
        <cbc:StreetName>Avon Way</cbc:StreetName>
        <cbc:AdditionalStreetName>Big projects</cbc:AdditionalStreetName>
        <cbc:CityName>Bridgtown</cbc:CityName>
        <cbc:PostalZone>ZZ99 1ZZ</cbc:PostalZone>
        <cbc:CountrySubentity>Avon</cbc:CountrySubentity>
        <cac:AddressLine>
          <cbc:Line>3rd Floor, Room 5</cbc:Line>
        </cac:AddressLine>
        <cac:Country>
          <cbc:IdentificationCode>GB</cbc:IdentificationCode>
        </cac:Country>
      </cac:PostalAddress>
      <cac:PartyTaxScheme>
        <cbc:CompanyID>GB523859989</cbc:CompanyID>
        <cac:TaxScheme>
          <cbc:ID>VAT</cbc:ID>
        </cac:TaxScheme>
      </cac:PartyTaxScheme>
      <cac:PartyLegalEntity>
        <cbc:RegistrationName>Sender inc.</cbc:RegistrationName>
        <cbc:CompanyID>GB523859989</cbc:CompanyID>
        <cac:RegistrationAddress>
          <cbc:CityName>Bridgtown</cbc:CityName>
          <cac:Country>
            <cbc:IdentificationCode>UK</cbc:IdentificationCode>
          </cac:Country>
        </cac:RegistrationAddress>
      </cac:PartyLegalEntity>
      <cac:Contact>
        <cbc:Name>Mrs Bouquet</cbc:Name>
        <cbc:Telephone>0158 1233714</cbc:Telephone>
        <cbc:ElectronicMail>bouquet@fpconsortial.co.uk</cbc:ElectronicMail>
      </cac:Contact>
    </cac:Party>
    <cac:DeliveryContact>
      <cbc:Name>Mr Fred Churchill</cbc:Name>
      <cbc:Telephone>0127 2653214</cbc:Telephone>
      <cbc:ElectronicMail>fred@iytcorporation.gov.uk</cbc:ElectronicMail>
    </cac:DeliveryContact>
  </cac:DeliveryCustomerParty>
  <cac:BuyerCustomerParty>
    <cac:Party>
      <cac:PartyIdentification>
        <cbc:ID>5790000435951</cbc:ID>
      </cac:PartyIdentification>
      <cac:PartyName>
        <cbc:Name>IYT Corporation</cbc:Name>
      </cac:PartyName>
      <cac:PostalAddress>
        <cbc:StreetName>Avon Way</cbc:StreetName>
        <cbc:AdditionalStreetName>Purchasing</cbc:AdditionalStreetName>
        <cbc:CityName>Bridgtow</cbc:CityName>
        <cbc:PostalZone>ZZ99 1ZZ</cbc:PostalZone>
        <cbc:CountrySubentity>Avon</cbc:CountrySubentity>
        <cac:AddressLine>
          <cbc:Line>3rd Floor, Room 5</cbc:Line>
        </cac:AddressLine>
        <cac:Country>
          <cbc:IdentificationCode>GB</cbc:IdentificationCode>
        </cac:Country>
      </cac:PostalAddress>
    </cac:Party>
  </cac:BuyerCustomerParty>
  <cac:SellerSupplierParty>
    <cac:Party>
      <cac:PartyIdentification>
        <cbc:ID>5790000435951</cbc:ID>
      </cac:PartyIdentification>
      <cac:PartyName>
        <cbc:Name>IYT Corporation</cbc:Name>
      </cac:PartyName>
      <cac:PostalAddress>
        <cbc:StreetName>Avon Way</cbc:StreetName>
        <cbc:AdditionalStreetName>Sales</cbc:AdditionalStreetName>
        <cbc:CityName>Bridgtow</cbc:CityName>
        <cbc:PostalZone>ZZ99 1ZZ</cbc:PostalZone>
        <cbc:CountrySubentity>Avon</cbc:CountrySubentity>
        <cac:AddressLine>
          <cbc:Line>3rd Floor, Room 5</cbc:Line>
        </cac:AddressLine>
        <cac:Country>
          <cbc:IdentificationCode>GB</cbc:IdentificationCode>
        </cac:Country>
      </cac:PostalAddress>
    </cac:Party>
  </cac:SellerSupplierParty>
  <cac:OriginatorCustomerParty>
    <cac:Party>
      <cac:PartyIdentification>
        <cbc:ID>5790000435951</cbc:ID>
      </cac:PartyIdentification>
      <cac:PartyName>
        <cbc:Name>IYT Corporation</cbc:Name>
      </cac:PartyName>
      <cac:PostalAddress>
        <cbc:StreetName>Avon Way</cbc:StreetName>
        <cbc:AdditionalStreetName>way 2</cbc:AdditionalStreetName>
        <cbc:CityName>Bridgtow</cbc:CityName>
        <cbc:PostalZone>ZZ99 1ZZ</cbc:PostalZone>
        <cbc:CountrySubentity>Avon</cbc:CountrySubentity>
        <cac:AddressLine>
          <cbc:Line>3rd Floor, Room 5</cbc:Line>
        </cac:AddressLine>
        <cac:Country>
          <cbc:IdentificationCode>GB</cbc:IdentificationCode>
        </cac:Country>
      </cac:PostalAddress>
    </cac:Party>
  </cac:OriginatorCustomerParty>
  <cac:Shipment>
    <cbc:ID>1</cbc:ID>
    <cbc:Information>text</cbc:Information>
    <cbc:GrossWeightMeasure>1030</cbc:GrossWeightMeasure>
    <cbc:GrossVolumeMeasure>1.456</cbc:GrossVolumeMeasure>
    <cbc:TotalTransportHandlingUnitQuantity>1</cbc:TotalTransportHandlingUnitQuantity>
    <cbc:DeclaredStatisticsValueAmount>92179.12</cbc:DeclaredStatisticsValueAmount>
    <cac:Consignment>
      <cbc:ID>NA</cbc:ID>
      <cbc:HazardousRiskIndicator>false</cbc:HazardousRiskIndicator>
      <cbc:HandlingCode>1</cbc:HandlingCode>
      <cbc:HandlingInstructions>Keep the Container Carefully Closed</cbc:HandlingInstructions>
      <cac:CarrierParty>
        <cac:PartyIdentification>
          <cbc:ID>5790000435951</cbc:ID>
        </cac:PartyIdentification>
        <cac:PartyName>
          <cbc:Name>Name</cbc:Name>
        </cac:PartyName>
        <cac:Person>
          <cac:IdentityDocumentReference>
            <cbc:ID>45642323</cbc:ID>
            <cbc:DocumentType>DriverLicence</cbc:DocumentType>
          </cac:IdentityDocumentReference>
        </cac:Person>
      </cac:CarrierParty>
      <cac:OriginalDespatchTransportationService>
        <cbc:TransportServiceCode>FuelReport</cbc:TransportServiceCode>
        <cac:TransportEquipment>
          <cbc:TransportEquipmentTypeCode>Diesel</cbc:TransportEquipmentTypeCode>
          <cbc:Description>Forrest diesel mix</cbc:Description>
          <cac:MeasurementDimension>
            <cbc:AttributeID>FuelConsumption</cbc:AttributeID>
            <cbc:Measure>123</cbc:Measure>
            <cbc:Description>StandardEstimate</cbc:Description>
          </cac:MeasurementDimension>
          <cac:ProviderParty>
            <cac:PartyIdentification>
              <cbc:ID>7300010000001</cbc:ID>
            </cac:PartyIdentification>
            <cac:PartyName>
              <cbc:Name>Preem</cbc:Name>
            </cac:PartyName>
          </cac:ProviderParty>
          <cac:GoodsItem>
            <cac:Item>
              <cac:SellersItemIdentification>
                <cbc:ID>123</cbc:ID>
              </cac:SellersItemIdentification>
              <cac:StandardItemIdentification>
                <cbc:ID>1234567891234</cbc:ID>
              </cac:StandardItemIdentification>
            </cac:Item>
          </cac:GoodsItem>
        </cac:TransportEquipment>
        <cac:EnvironmentalEmission>
          <cbc:EnvironmentalEmissionTypeCode>CO2</cbc:EnvironmentalEmissionTypeCode>
          <cbc:ValueMeasure>10</cbc:ValueMeasure>
        </cac:EnvironmentalEmission>
      </cac:OriginalDespatchTransportationService>
    </cac:Consignment>
    <cac:ShipmentStage>
      <cbc:TransportModeCode>3</cbc:TransportModeCode>
      <cbc:TransportMeansTypeCode>31</cbc:TransportMeansTypeCode>
      <cac:TransportMeans>
        <cac:AirTransport>
          <cbc:AircraftID>JA8088</cbc:AircraftID>
        </cac:AirTransport>
        <cac:RoadTransport>
          <cbc:LicensePlateID>DF10958</cbc:LicensePlateID>
        </cac:RoadTransport>
        <cac:RailTransport>
          <cbc:TrainID>12014</cbc:TrainID>
          <cbc:RailCarID>50 63 20-33 801-5</cbc:RailCarID>
        </cac:RailTransport>
        <cac:MaritimeTransport>
          <cbc:VesselID>wrt34663</cbc:VesselID>
        </cac:MaritimeTransport>
      </cac:TransportMeans>
    </cac:ShipmentStage>
    <cac:Delivery>
      <cbc:ActualDeliveryDate>2021-09-26</cbc:ActualDeliveryDate>
      <cbc:ActualDeliveryTime>10:00:00</cbc:ActualDeliveryTime>
      <cbc:TrackingID>456789</cbc:TrackingID>
      <cac:DeliveryLocation>
        <cbc:ID>5790000435951</cbc:ID>
        <cbc:Name>Name</cbc:Name>
        <cac:Address>
          <cbc:StreetName>Avon Way</cbc:StreetName>
          <cbc:AdditionalStreetName>Purchasing</cbc:AdditionalStreetName>
          <cbc:CityName>Bridgtow</cbc:CityName>
          <cbc:PostalZone>ZZ99 1ZZ</cbc:PostalZone>
          <cbc:CountrySubentity>Avon</cbc:CountrySubentity>
          <cac:AddressLine>
            <cbc:Line>3rd Floor, Room 5</cbc:Line>
          </cac:AddressLine>
          <cac:Country>
            <cbc:IdentificationCode>GB</cbc:IdentificationCode>
          </cac:Country>
          <cac:LocationCoordinate>
            <cbc:CoordinateSystemCode>EPSG:3857</cbc:CoordinateSystemCode>
            <cbc:LatitudeDegreesMeasure>59.331660358041425</cbc:LatitudeDegreesMeasure>
            <cbc:LongitudeDegreesMeasure>18.063363084988005</cbc:LongitudeDegreesMeasure>
            <cbc:AltitudeMeasure>12.5</cbc:AltitudeMeasure>
          </cac:LocationCoordinate>
        </cac:Address>
      </cac:DeliveryLocation>
      <cac:EstimatedDeliveryPeriod>
        <cbc:StartDate>2021-09-25</cbc:StartDate>
        <cbc:StartTime>12:00:00</cbc:StartTime>
        <cbc:EndDate>2021-09-27</cbc:EndDate>
        <cbc:EndTime>12:00:00</cbc:EndTime>
      </cac:EstimatedDeliveryPeriod>
      <cac:Despatch>
        <cbc:ActualDespatchDate>2021-09-25</cbc:ActualDespatchDate>
        <cbc:ActualDespatchTime>13:00:00</cbc:ActualDespatchTime>
        <cac:DespatchAddress>
          <cbc:ID>34456456456456</cbc:ID>
          <cbc:StreetName>Avon Way</cbc:StreetName>
          <cbc:AdditionalStreetName>way 2</cbc:AdditionalStreetName>
          <cbc:CityName>Bridgtow</cbc:CityName>
          <cbc:PostalZone>ZZ99 1ZZ</cbc:PostalZone>
          <cbc:CountrySubentity>Avon</cbc:CountrySubentity>
          <cac:AddressLine>
            <cbc:Line>3rd Floor, Room 5</cbc:Line>
          </cac:AddressLine>
          <cac:Country>
            <cbc:IdentificationCode>GB</cbc:IdentificationCode>
          </cac:Country>
          <cac:LocationCoordinate>
            <cbc:CoordinateSystemCode>EPSG:3857</cbc:CoordinateSystemCode>
            <cbc:LatitudeDegreesMeasure>59.33169866504851</cbc:LatitudeDegreesMeasure>
            <cbc:LongitudeDegreesMeasure>18.063330898492403</cbc:LongitudeDegreesMeasure>
            <cbc:AltitudeMeasure>12.5</cbc:AltitudeMeasure>
          </cac:LocationCoordinate>
        </cac:DespatchAddress>
      </cac:Despatch>
      <cac:DeliveryTerms>
        <cbc:ID>EXW</cbc:ID>
        <cbc:SpecialTerms>EQN-06</cbc:SpecialTerms>
        <cac:DeliveryLocation>
          <cbc:ID>Kalmar</cbc:ID>
        </cac:DeliveryLocation>
      </cac:DeliveryTerms>
    </cac:Delivery>
    <cac:TransportHandlingUnit>
      <cbc:ID>11111222222222</cbc:ID>
      <cbc:TransportHandlingUnitTypeCode>AG</cbc:TransportHandlingUnitTypeCode>
      <cbc:HandlingCode>CCC</cbc:HandlingCode>
      <cbc:HandlingInstructions>To be set vertical</cbc:HandlingInstructions>
      <cbc:HazardousRiskIndicator>false</cbc:HazardousRiskIndicator>
      <cbc:ShippingMarks>Keep dry</cbc:ShippingMarks>
      <cac:TransportEquipment>
        <cbc:ID>34563444</cbc:ID>
        <cbc:TransportEquipmentTypeCode>CN</cbc:TransportEquipmentTypeCode>
        <cbc:SizeTypeCode>10</cbc:SizeTypeCode>
        <cbc:RefrigerationOnIndicator>true</cbc:RefrigerationOnIndicator>
        <cbc:Description>A 20 foot refrigerated container that is not actively controlling temperature of the product.</cbc:Description>
        <cbc:PowerIndicator>true</cbc:PowerIndicator>
      </cac:TransportEquipment>
      <cac:MeasurementDimension>
        <cbc:AttributeID>LN</cbc:AttributeID>
        <cbc:Measure>123</cbc:Measure>
      </cac:MeasurementDimension>
      <cac:MinimumTemperature>
        <cbc:AttributeID>TC</cbc:AttributeID>
        <cbc:Measure>-21</cbc:Measure>
      </cac:MinimumTemperature>
      <cac:MaximumTemperature>
        <cbc:AttributeID>TC</cbc:AttributeID>
        <cbc:Measure>-21</cbc:Measure>
      </cac:MaximumTemperature>
      <cac:GoodsItem>
        <cbc:ID>10</cbc:ID>
        <cbc:HazardousRiskIndicator>false</cbc:HazardousRiskIndicator>
        <cbc:DeclaredStatisticsValueAmount>23044.78</cbc:DeclaredStatisticsValueAmount>
        <cbc:Quantity>6</cbc:Quantity>
        <cbc:TraceID>345699634527</cbc:TraceID>
      </cac:GoodsItem>
      <cac:Package>
        <cbc:ID>3453</cbc:ID>
        <cbc:ReturnableMaterialIndicator>true</cbc:ReturnableMaterialIndicator>
        <cbc:PackagingTypeCode>CT</cbc:PackagingTypeCode>
        <cbc:PackingMaterial>Carbon box</cbc:PackingMaterial>
        <cac:ContainedPackage>
          <cbc:ID>3453</cbc:ID>
          <cbc:ReturnableMaterialIndicator>true</cbc:ReturnableMaterialIndicator>
          <cbc:PackagingTypeCode>OB</cbc:PackagingTypeCode>
          <cbc:PackingMaterial>Wood</cbc:PackingMaterial>
          <cac:ContainedPackage>
            <cbc:ID>3453</cbc:ID>
            <cbc:ReturnableMaterialIndicator>true</cbc:ReturnableMaterialIndicator>
            <cbc:PackagingTypeCode>OB</cbc:PackagingTypeCode>
            <cbc:PackingMaterial>Wood</cbc:PackingMaterial>
            <cac:GoodsItem>
              <cbc:ID>10</cbc:ID>
              <cbc:HazardousRiskIndicator>false</cbc:HazardousRiskIndicator>
              <cbc:DeclaredStatisticsValueAmount>23044.78</cbc:DeclaredStatisticsValueAmount>
              <cbc:Quantity>6</cbc:Quantity>
              <cbc:TraceID>345699634527</cbc:TraceID>
            </cac:GoodsItem>
            <cac:MeasurementDimension>
              <cbc:AttributeID>LN</cbc:AttributeID>
              <cbc:Measure>123</cbc:Measure>
            </cac:MeasurementDimension>
          </cac:ContainedPackage>
          <cac:GoodsItem>
            <cbc:ID>10</cbc:ID>
            <cbc:HazardousRiskIndicator>false</cbc:HazardousRiskIndicator>
            <cbc:DeclaredStatisticsValueAmount>23044.78</cbc:DeclaredStatisticsValueAmount>
            <cbc:Quantity>6</cbc:Quantity>
            <cbc:TraceID>345699634527</cbc:TraceID>
          </cac:GoodsItem>
          <cac:MeasurementDimension>
            <cbc:AttributeID>LN</cbc:AttributeID>
            <cbc:Measure>123</cbc:Measure>
          </cac:MeasurementDimension>
        </cac:ContainedPackage>
        <cac:GoodsItem>
          <cbc:ID>10</cbc:ID>
          <cbc:HazardousRiskIndicator>false</cbc:HazardousRiskIndicator>
          <cbc:DeclaredStatisticsValueAmount>23044.78</cbc:DeclaredStatisticsValueAmount>
          <cbc:Quantity>6</cbc:Quantity>
          <cbc:TraceID>345699634527</cbc:TraceID>
        </cac:GoodsItem>
        <cac:MeasurementDimension>
          <cbc:AttributeID>LN</cbc:AttributeID>
          <cbc:Measure>123</cbc:Measure>
        </cac:MeasurementDimension>
      </cac:Package>
    </cac:TransportHandlingUnit>
  </cac:Shipment>
  <cac:DespatchLine>
    <cbc:ID>10</cbc:ID>
    <cbc:Note>Mrs Green agreed to waive charge</cbc:Note>
    <cbc:DeliveredQuantity>10</cbc:DeliveredQuantity>
    <cbc:OutstandingQuantity>2</cbc:OutstandingQuantity>
    <cbc:OutstandingReason>Text</cbc:OutstandingReason>
    <cac:OrderLineReference>
      <cbc:LineID>1</cbc:LineID>
      <cbc:SalesOrderLineID>10</cbc:SalesOrderLineID>
      <cac:OrderReference>
        <cbc:ID>AEG012345</cbc:ID>
        <cbc:SalesOrderID>5678985</cbc:SalesOrderID>
      </cac:OrderReference>
    </cac:OrderLineReference>
    <cac:DocumentReference>
      <cbc:ID>Test</cbc:ID>
      <cbc:DocumentTypeCode>380</cbc:DocumentTypeCode>
      <cbc:DocumentType>Letter Of Credit</cbc:DocumentType>
      <cac:Attachment>
        <cbc:EmbeddedDocumentBinaryObject>aHR0cHM6Ly90ZXN0LXZlZmEuZGlmaS5uby9wZXBwb2xiaXMvcG9hY2MvYmlsbGluZy8zLjAvYmlzLw==</cbc:EmbeddedDocumentBinaryObject>
        <cac:ExternalReference>
          <cbc:URI>www.beast.se</cbc:URI>
        </cac:ExternalReference>
      </cac:Attachment>
    </cac:DocumentReference>
    <cac:Item>
      <cbc:Name>Beeswax</cbc:Name>
      <cac:BuyersItemIdentification>
        <cbc:ID>6578489</cbc:ID>
      </cac:BuyersItemIdentification>
      <cac:SellersItemIdentification>
        <cbc:ID>17589683</cbc:ID>
      </cac:SellersItemIdentification>
      <cac:ManufacturersItemIdentification>
        <cbc:ID>17589683</cbc:ID>
      </cac:ManufacturersItemIdentification>
      <cac:StandardItemIdentification>
        <cbc:ID>1234567891234</cbc:ID>
        <cbc:ExtendedID>22114455</cbc:ExtendedID>
      </cac:StandardItemIdentification>
      <cac:CommodityClassification>
        <cbc:ItemClassificationCode>KO2012140200</cbc:ItemClassificationCode>
      </cac:CommodityClassification>
      <cac:HazardousItem>
        <cbc:UNDGCode>ADR</cbc:UNDGCode>
        <cbc:HazardClassID>Code</cbc:HazardClassID>
      </cac:HazardousItem>
      <cac:AdditionalItemProperty>
        <cbc:ID>77e416eb-a363-4258-a04e-171d843a6460</cbc:ID>
        <cbc:Name>Rigidity</cbc:Name>
        <cbc:NameCode>EPDNumber</cbc:NameCode>
        <cbc:Value>NEPD-1717-700-SE</cbc:Value>
        <cbc:ValueQuantity>15.00</cbc:ValueQuantity>
        <cbc:ValueQualifier>descr</cbc:ValueQualifier>
      </cac:AdditionalItemProperty>
      <cac:ManufacturerParty>
        <cac:PartyIdentification>
          <cbc:ID>5790000435951</cbc:ID>
        </cac:PartyIdentification>
        <cac:PartyName>
          <cbc:Name>IYT Corporation</cbc:Name>
        </cac:PartyName>
        <cac:PostalAddress>
          <cbc:StreetName>Busy Street</cbc:StreetName>
          <cbc:AdditionalStreetName>way 1</cbc:AdditionalStreetName>
          <cbc:CityName>Farthing</cbc:CityName>
          <cbc:PostalZone>AA99 1BB</cbc:PostalZone>
          <cbc:CountrySubentity>Heremouthshire</cbc:CountrySubentity>
          <cac:AddressLine>
            <cbc:Line>The Roundabout</cbc:Line>
          </cac:AddressLine>
          <cac:Country>
            <cbc:IdentificationCode>GB</cbc:IdentificationCode>
          </cac:Country>
        </cac:PostalAddress>
        <cac:PartyLegalEntity>
          <cbc:RegistrationName>Consortial</cbc:RegistrationName>
        </cac:PartyLegalEntity>
      </cac:ManufacturerParty>
      <cac:ItemInstance>
        <cbc:ManufactureDate>2021-01-01</cbc:ManufactureDate>
        <cbc:ManufactureTime>06:47:30</cbc:ManufactureTime>
        <cbc:BestBeforeDate>2021-12-01</cbc:BestBeforeDate>
        <cbc:SerialID>4558784</cbc:SerialID>
        <cac:LotIdentification>
          <cbc:LotNumberID>546378239</cbc:LotNumberID>
          <cbc:ExpiryDate>2023-01-01</cbc:ExpiryDate>
        </cac:LotIdentification>
      </cac:ItemInstance>
      <cac:Certificate>
        <cbc:ID>6655223</cbc:ID>
        <cbc:CertificateTypeCode>NA</cbc:CertificateTypeCode>
        <cbc:CertificateType>FSC</cbc:CertificateType>
        <cbc:Remarks>48% Certified.</cbc:Remarks>
        <cac:IssuerParty>
          <cac:PartyName>
            <cbc:Name>NA</cbc:Name>
          </cac:PartyName>
        </cac:IssuerParty>
      </cac:Certificate>
      <cac:Dimension>
        <cbc:AttributeID>LN</cbc:AttributeID>
        <cbc:Measure>123</cbc:Measure>
      </cac:Dimension>
    </cac:Item>
  </cac:DespatchLine>
</ubl:DespatchAdvice>
