<?xml version="1.0" encoding="UTF-8"?>
<ubl:ReceiptAdvice xmlns:ubl="urn:oasis:names:specification:ubl:schema:xsd:ReceiptAdvice-2"
                   xmlns:cac="urn:oasis:names:specification:ubl:schema:xsd:CommonAggregateComponents-2"
                   xmlns:cbc="urn:oasis:names:specification:ubl:schema:xsd:CommonBasicComponents-2">
   <cbc:CustomizationID>urn:fdc:peppol.eu:logistics:trns:receipt_advice:1</cbc:CustomizationID>
   <cbc:ProfileID>urn:fdc:peppol.eu:logistics:bis:despatch_advice_w_receipt_advice:1</cbc:ProfileID>
   <cbc:ID>5658999
		</cbc:ID>
   <cbc:IssueDate>2021-09-10</cbc:IssueDate>
   <cbc:IssueTime>12:00:00</cbc:IssueTime>
   <cbc:DocumentStatusCode>9
		</cbc:DocumentStatusCode>
   <cbc:ReceiptAdviceTypeCode>S 
		</cbc:ReceiptAdviceTypeCode>
   <cbc:Note>Delivery ok
		</cbc:Note>
   <cac:OrderReference>
      <cbc:ID>AEG0123456</cbc:ID>
   </cac:OrderReference>
   <cac:DespatchDocumentReference>
      <cbc:ID>565899
			</cbc:ID>
      <cbc:IssueDate>2021-09-10</cbc:IssueDate>
      <cbc:IssueTime>12:00:00
			</cbc:IssueTime>
      <cbc:DocumentStatusCode>RE
			</cbc:DocumentStatusCode>
      <cbc:DocumentDescription>Incorrect Identity of the buyer.
			</cbc:DocumentDescription>
   </cac:DespatchDocumentReference>
   <cac:AdditionalDocumentReference>
      <cbc:ID> 7648779 
			</cbc:ID>
      <cbc:DocumentTypeCode> 380 
			</cbc:DocumentTypeCode>
      <cbc:DocumentType> Photo 
			</cbc:DocumentType>
      <cac:Attachment>
         <cbc:EmbeddedDocumentBinaryObject mimeCode="application/pdf" filename="DamageReport_01.pdf">
				aHR0cHM6Ly90ZXN0LXZlZmEuZGlmaS5uby9wZXBwb2xiaXMvcG9hY2MvYmlsbGluZy8zLjAvYmlzLw== </cbc:EmbeddedDocumentBinaryObject>
         <cac:ExternalReference>
            <cbc:URI> www.beast.se </cbc:URI>
         </cac:ExternalReference>
      </cac:Attachment>
   </cac:AdditionalDocumentReference>
   <cac:DeliveryCustomerParty>
      <cac:Party>
         <cbc:EndpointID schemeID="0088">5798000000124</cbc:EndpointID>
         <cac:PartyIdentification>
            <cbc:ID schemeID="0088"> 5790000435951 
					</cbc:ID>
         </cac:PartyIdentification>
         <cac:PartyName>
            <cbc:Name> Goods Receiver inc. 
					</cbc:Name>
         </cac:PartyName>
         <cac:PostalAddress>
            <cbc:StreetName>Avon Way</cbc:StreetName>
            <cbc:AdditionalStreetName>Big projects</cbc:AdditionalStreetName>
            <cbc:CityName>Bridgtown</cbc:CityName>
            <cbc:PostalZone>ZZ99 1ZZ</cbc:PostalZone>
            <cbc:CountrySubentity>Avon</cbc:CountrySubentity>
            <cac:AddressLine>
               <cbc:Line>3rd Floor, Room 5</cbc:Line>
            </cac:AddressLine>
            <cac:Country>
               <cbc:IdentificationCode>GB</cbc:IdentificationCode>
            </cac:Country>
         </cac:PostalAddress>
         <cac:PartyTaxScheme>
            <cbc:CompanyID> GB523859989 </cbc:CompanyID>
            <cac:TaxScheme>
               <cbc:ID> VAT </cbc:ID>
            </cac:TaxScheme>
         </cac:PartyTaxScheme>
         <cac:PartyLegalEntity>
            <cbc:RegistrationName> Sender inc. 
					</cbc:RegistrationName>
            <cbc:CompanyID schemeID="0089"> GB523859989 
					</cbc:CompanyID>
            <cac:RegistrationAddress>
               <cbc:CityName> Bridgtown </cbc:CityName>
               <cac:Country>
                  <cbc:IdentificationCode> UK 
							</cbc:IdentificationCode>
               </cac:Country>
            </cac:RegistrationAddress>
         </cac:PartyLegalEntity>
      </cac:Party>
      <cac:DeliveryContact>
         <cbc:Name>Mr Fred Churchill</cbc:Name>
         <cbc:Telephone>0127 2653214</cbc:Telephone>
         <cbc:ElectronicMail>fred@iytcorporation.gov.uk</cbc:ElectronicMail>
      </cac:DeliveryContact>
   </cac:DeliveryCustomerParty>
   <cac:DespatchSupplierParty>
      <cac:Party>
         <cbc:EndpointID schemeID="0088"> 7300010000001 
				</cbc:EndpointID>
         <cac:PartyIdentification>
            <cbc:ID schemeID="0088"> 7300010000001 
					</cbc:ID>
         </cac:PartyIdentification>
         <cac:PartyName>
            <cbc:Name> Sender inc. </cbc:Name>
         </cac:PartyName>
         <cac:PostalAddress>
            <cbc:StreetName>Busy Street</cbc:StreetName>
            <cbc:AdditionalStreetName>way 1</cbc:AdditionalStreetName>
            <cbc:CityName>Farthing</cbc:CityName>
            <cbc:PostalZone>AA99 1BB</cbc:PostalZone>
            <cbc:CountrySubentity>Heremouthshire</cbc:CountrySubentity>
            <cac:AddressLine>
               <cbc:Line>The Roundabout</cbc:Line>
            </cac:AddressLine>
            <cac:Country>
               <cbc:IdentificationCode>GB</cbc:IdentificationCode>
            </cac:Country>
         </cac:PostalAddress>
         <cac:PartyTaxScheme>
            <cbc:CompanyID> GB325456788 
					</cbc:CompanyID>
            <cac:TaxScheme>
               <cbc:ID> VAT </cbc:ID>
            </cac:TaxScheme>
         </cac:PartyTaxScheme>
         <cac:PartyLegalEntity>
            <cbc:RegistrationName> Consortial 
					</cbc:RegistrationName>
            <cbc:CompanyID schemeID="0089"> SC234567 </cbc:CompanyID>
            <cac:RegistrationAddress>
               <cbc:CityName> Farthing </cbc:CityName>
               <cac:Country>
                  <cbc:IdentificationCode> UK </cbc:IdentificationCode>
               </cac:Country>
            </cac:RegistrationAddress>
         </cac:PartyLegalEntity>
         <cac:Contact>
            <cbc:Name> Mrs Bouquet 
					</cbc:Name>
            <cbc:Telephone> 0158 1233714 
					</cbc:Telephone>
            <cbc:ElectronicMail> bouquet@fpconsortial.co.uk 
					</cbc:ElectronicMail>
         </cac:Contact>
      </cac:Party>
   </cac:DespatchSupplierParty>
   <cac:BuyerCustomerParty>
      <cac:Party>
         <cac:PartyIdentification>
            <cbc:ID schemeID="0088"> 5790000435951 
					</cbc:ID>
         </cac:PartyIdentification>
         <cac:PartyName>
            <cbc:Name> IYT Corporation 
					</cbc:Name>
         </cac:PartyName>
         <cac:PostalAddress>
            <cbc:StreetName>Avon Way</cbc:StreetName>
            <cbc:AdditionalStreetName>Purchasing</cbc:AdditionalStreetName>
            <cbc:CityName>Bridgtow</cbc:CityName>
            <cbc:PostalZone>ZZ99 1ZZ</cbc:PostalZone>
            <cbc:CountrySubentity>Avon</cbc:CountrySubentity>
            <cac:AddressLine>
               <cbc:Line>3rd Floor, Room 5</cbc:Line>
            </cac:AddressLine>
            <cac:Country>
               <cbc:IdentificationCode>GB</cbc:IdentificationCode>
            </cac:Country>
         </cac:PostalAddress>
      </cac:Party>
   </cac:BuyerCustomerParty>
   <cac:SellerSupplierParty>
      <cac:Party>
         <cac:PartyIdentification>
            <cbc:ID schemeID="0088">5790000435951
					</cbc:ID>
         </cac:PartyIdentification>
         <cac:PartyName>
            <cbc:Name> IYT Corporation 
					</cbc:Name>
         </cac:PartyName>
         <cac:PostalAddress>
            <cbc:StreetName>Avon Way</cbc:StreetName>
            <cbc:AdditionalStreetName>Sales</cbc:AdditionalStreetName>
            <cbc:CityName>Bridgtow</cbc:CityName>
            <cbc:PostalZone>ZZ99 1ZZ</cbc:PostalZone>
            <cbc:CountrySubentity>Avon</cbc:CountrySubentity>
            <cac:AddressLine>
               <cbc:Line>3rd Floor, Room 5</cbc:Line>
            </cac:AddressLine>
            <cac:Country>
               <cbc:IdentificationCode>GB</cbc:IdentificationCode>
            </cac:Country>
         </cac:PostalAddress>
      </cac:Party>
   </cac:SellerSupplierParty>
   <cac:Shipment>
      <cbc:ID> 1 
				</cbc:ID>
      <cbc:Information> text 
				</cbc:Information>
      <cac:Consignment>
         <cbc:ID> NA 
					</cbc:ID>
         <cac:Status>
            <cbc:ConditionCode>CA
						</cbc:ConditionCode>
            <cbc:StatusReasonCode>3
						</cbc:StatusReasonCode>
            <cbc:StatusReason>Delivery outside requested time window.
						</cbc:StatusReason>
         </cac:Status>
         <cac:CarrierParty>
            <cac:PartyIdentification>
               <cbc:ID schemeID="0088"> 5790000435951 
							</cbc:ID>
            </cac:PartyIdentification>
            <cac:PartyName>
               <cbc:Name>Name</cbc:Name>
            </cac:PartyName>
            <cac:Person>
               <cac:IdentityDocumentReference>
                  <cbc:ID>45642323</cbc:ID>
                  <cbc:DocumentType>DriverLicence</cbc:DocumentType>
               </cac:IdentityDocumentReference>
            </cac:Person>
         </cac:CarrierParty>
      </cac:Consignment>
      <cac:Delivery>
         <cbc:ActualDeliveryDate>2021-09-26</cbc:ActualDeliveryDate>
         <cbc:ActualDeliveryTime>10:00:00
					</cbc:ActualDeliveryTime>
         <cac:RequestedDeliveryPeriod>
            <cbc:StartDate>2021-09-25</cbc:StartDate>
            <cbc:StartTime>12:00:00
					</cbc:StartTime>
            <cbc:EndDate>2021-09-27</cbc:EndDate>
            <cbc:EndTime>12:00:00
					</cbc:EndTime>
         </cac:RequestedDeliveryPeriod>
         <cac:DeliveryTerms>
            <cbc:ID> EXW </cbc:ID>
            <cbc:SpecialTerms> EQN-06 
					</cbc:SpecialTerms>
            <cac:DeliveryLocation>
               <cbc:ID> Kalmar </cbc:ID>
            </cac:DeliveryLocation>
         </cac:DeliveryTerms>
      </cac:Delivery>
      <cac:TransportHandlingUnit>
         <cbc:ID>11111222222222 
				</cbc:ID>
         <cbc:TransportHandlingUnitTypeCode> AG 
				</cbc:TransportHandlingUnitTypeCode>
         <cbc:DamageRemarks>Pallet cover broken, see attached photo.
				</cbc:DamageRemarks>
         <cac:Status>
            <cbc:ConditionCode>4
					</cbc:ConditionCode>
         </cac:Status>
      </cac:TransportHandlingUnit>
   </cac:Shipment>
   <cac:ReceiptLine>
      <cbc:ID>1
			</cbc:ID>
      <cbc:Note>SAMPLE
			</cbc:Note>
      <cbc:ReceivedQuantity unitCode="KGM">90
			</cbc:ReceivedQuantity>
      <cbc:ShortQuantity unitCode="KGM">10
			
			</cbc:ShortQuantity>
      <cbc:ShortageActionCode>2
			</cbc:ShortageActionCode>
      <cbc:RejectedQuantity unitCode="KGM">1
			</cbc:RejectedQuantity>
      <cbc:RejectReasonCode>1
			</cbc:RejectReasonCode>
      <cbc:RejectReason>Wrong item delivered.
			</cbc:RejectReason>
      <cbc:RejectActionCode>1
			</cbc:RejectActionCode>
      <cbc:OversupplyQuantity unitCode="KGM">5
			</cbc:OversupplyQuantity>
      <cac:OrderLineReference>
         <cbc:LineID>1
				</cbc:LineID>
         <cbc:SalesOrderLineID>10 
				</cbc:SalesOrderLineID>
         <cac:OrderReference>
            <cbc:ID>AEG012345
					</cbc:ID>
            <cbc:SalesOrderID>5678985 </cbc:SalesOrderID>
         </cac:OrderReference>
      </cac:OrderLineReference>
      <cac:DespatchLineReference>
         <cbc:LineID>1
				</cbc:LineID>
      </cac:DespatchLineReference>
      <cac:Item>
         <cbc:Name>Beeswax 
				</cbc:Name>
         <cac:BuyersItemIdentification>
            <cbc:ID>6578489
					</cbc:ID>
         </cac:BuyersItemIdentification>
         <cac:SellersItemIdentification>
            <cbc:ID>17589683
					</cbc:ID>
         </cac:SellersItemIdentification>
         <cac:ManufacturersItemIdentification>
            <cbc:ID> 17589683 
					</cbc:ID>
         </cac:ManufacturersItemIdentification>
         <cac:StandardItemIdentification>
            <cbc:ID schemeID="0160"> 1234567891234 
					</cbc:ID>
            <cbc:ExtendedID>22114455
					</cbc:ExtendedID>
         </cac:StandardItemIdentification>
      </cac:Item>
   </cac:ReceiptLine>
</ubl:ReceiptAdvice>
