<?xml version="1.0" encoding="UTF-8"?>
<ubl:TransportationStatus xmlns:ubl="urn:oasis:names:specification:ubl:schema:xsd:TransportationStatus-2"
                          xmlns:cac="urn:oasis:names:specification:ubl:schema:xsd:CommonAggregateComponents-2"
                          xmlns:cbc="urn:oasis:names:specification:ubl:schema:xsd:CommonBasicComponents-2">
   <cbc:CustomizationID>urn:fdc:peppol.eu:logistics:trns:transportation_status:1</cbc:CustomizationID>
   <cbc:ProfileID>urn:fdc:peppol.eu:logistics:bis:transportation_status_w_request:1</cbc:ProfileID>
   <cbc:ID>TS_1</cbc:ID>
   <cbc:IssueDate>2011-10-06</cbc:IssueDate>
   <cbc:IssueTime>09:29:30</cbc:IssueTime>
   <cbc:Description/>
   <cbc:ShippingOrderID>KHN23-44044</cbc:ShippingOrderID>
   <cbc:TransportationStatusTypeCode listID="TrStatus1">1</cbc:TransportationStatusTypeCode>
   <cbc:TransportExecutionStatusCode>35</cbc:TransportExecutionStatusCode>
   <cac:Consignment>
      <cbc:ID>12535157654567654</cbc:ID>
      <cac:Status>
         <cbc:ConditionCode listID="zzz">4</cbc:ConditionCode>
         <cbc:Description/>    
      </cac:Status>
      <cac:TransportEvent>
         <cbc:IdentificationID>234526457</cbc:IdentificationID>
         <cbc:OccurrenceDate>2023-06-01</cbc:OccurrenceDate>
         <cbc:OccurrenceTime>10:23:34</cbc:OccurrenceTime>
         <cbc:TransportEventTypeCode>1</cbc:TransportEventTypeCode>
         <cbc:CompletionIndicator>true</cbc:CompletionIndicator>
         <cac:CurrentStatus>
            <cbc:ConditionCode schemeID="zzz">4</cbc:ConditionCode>
            <cbc:Description/>
            <cbc:StatusReasonCode listID="zzz">80</cbc:StatusReasonCode>
            <cbc:StatusReason>Prolonged coffebreak</cbc:StatusReason>      
         </cac:CurrentStatus>
         <cac:Period>
            <cbc:StartDate>2021-09-25</cbc:StartDate>
            <cbc:StartTime>12:00:00</cbc:StartTime>
            <cbc:EndDate>2021-09-27</cbc:EndDate>
            <cbc:EndTime>12:00:00</cbc:EndTime>      
         </cac:Period>    
      </cac:TransportEvent>
      <cac:TransportHandlingUnit>
         <cbc:ID>CON_THU_1</cbc:ID>
         <cac:Status>
            <cbc:ConditionCode schemeID="zzz">4</cbc:ConditionCode>
            <cbc:Description/>      
         </cac:Status>    
      </cac:TransportHandlingUnit>  
   </cac:Consignment>
   <cac:DocumentReference>
      <cbc:ID>7648779</cbc:ID>
      <cbc:DocumentTypeCode>380</cbc:DocumentTypeCode>
      <cbc:DocumentType>Delivery soecification</cbc:DocumentType>
      <cac:Attachment>
         <cbc:EmbeddedDocumentBinaryObject mimeCode="application/pdf" filename="Hours-spent.pdf">aHR0cHM6Ly90ZXN0LXZlZmEuZGlmaS5uby9wZXBwb2xiaXMvcG9hY2MvYmlsbGluZy8zLjAvYmlzLw==</cbc:EmbeddedDocumentBinaryObject>
         <cac:ExternalReference>
            <cbc:URI>www.beast.se</cbc:URI>      
         </cac:ExternalReference>    
      </cac:Attachment>  
   </cac:DocumentReference>
   <cac:Signature>
      <cbc:ID>3453</cbc:ID>
      <cbc:ValidationDate>2021-09-29</cbc:ValidationDate>
      <cbc:ValidationTime>09:49:00</cbc:ValidationTime>
      <cac:SignatoryParty>
         <cac:PartyName>
            <cbc:Name>HUS Hospital</cbc:Name>      
         </cac:PartyName>
         <cac:PostalAddress>
            <cbc:StreetName>Topeliuksenkatu 5</cbc:StreetName>
            <cbc:AdditionalStreetName>Purchasing</cbc:AdditionalStreetName>
            <cbc:CityName>Helsinki</cbc:CityName>
            <cbc:PostalZone>00260</cbc:PostalZone>
            <cbc:CountrySubentity>Heremouthshire</cbc:CountrySubentity>
            <cac:AddressLine>
               <cbc:Line>Gate 34</cbc:Line>        
            </cac:AddressLine>
            <cac:Country>
               <cbc:IdentificationCode>FI</cbc:IdentificationCode>        
            </cac:Country>      
         </cac:PostalAddress>
         <cac:Person>
            <cbc:ID schemeID="zzz">45976</cbc:ID>
            <cbc:FirstName>Valiry</cbc:FirstName>
            <cbc:FamilyName>Sender</cbc:FamilyName>
            <cbc:JobTitle>Director</cbc:JobTitle>      
         </cac:Person>    
      </cac:SignatoryParty>
      <cac:DigitalSignatureAttachment>
         <cbc:EmbeddedDocumentBinaryObject mimeCode="application/pdf" filename="Hours-spent.pdf">aHR0cHM6Ly90ZXN0LXZlZmEuZGlmaS5uby9wZXBwb2xiaXMvcG9hY2MvYmlsbGluZy8zLjAvYmlzLw==</cbc:EmbeddedDocumentBinaryObject>
         <cac:ExternalReference>
            <cbc:URI>www.beast.se</cbc:URI>      
         </cac:ExternalReference>    
      </cac:DigitalSignatureAttachment>  
   </cac:Signature>
   <cac:TransportEvent>
      <cbc:IdentificationID/>
      <cbc:OccurrenceDate/>
      <cbc:OccurrenceTime/>
      <cbc:TransportEventTypeCode/>
      <cac:Signature>
         <cbc:ID>3453</cbc:ID>
         <cbc:ValidationDate>2021-09-29</cbc:ValidationDate>
         <cbc:ValidationTime>09:49:00</cbc:ValidationTime>
         <cac:SignatoryParty>
            <cac:PartyName>
               <cbc:Name>HUS Hospital</cbc:Name>        
            </cac:PartyName>
            <cac:PostalAddress>
               <cbc:StreetName>Topeliuksenkatu 5</cbc:StreetName>
               <cbc:AdditionalStreetName>Purchasing</cbc:AdditionalStreetName>
               <cbc:CityName>Helsinki</cbc:CityName>
               <cbc:PostalZone>00260</cbc:PostalZone>
               <cbc:CountrySubentity>Heremouthshire</cbc:CountrySubentity>
               <cac:AddressLine>
                  <cbc:Line>Gate 34</cbc:Line>          
               </cac:AddressLine>
               <cac:Country>
                  <cbc:IdentificationCode>FI</cbc:IdentificationCode>          
               </cac:Country>        
            </cac:PostalAddress>
            <cac:Person>
               <cbc:ID schemeID="zzz">45976</cbc:ID>
               <cbc:FirstName>Valiry</cbc:FirstName>
               <cbc:FamilyName>Sender</cbc:FamilyName>
               <cbc:JobTitle>Director</cbc:JobTitle>        
            </cac:Person>      
         </cac:SignatoryParty>
         <cac:DigitalSignatureAttachment>
            <cbc:EmbeddedDocumentBinaryObject mimeCode="application/pdf" filename="Hours-spent.pdf">aHR0cHM6Ly90ZXN0LXZlZmEuZGlmaS5uby9wZXBwb2xiaXMvcG9hY2MvYmlsbGluZy8zLjAvYmlzLw==</cbc:EmbeddedDocumentBinaryObject>
            <cac:ExternalReference>
               <cbc:URI>www.beast.se</cbc:URI>        
            </cac:ExternalReference>      
         </cac:DigitalSignatureAttachment>    
      </cac:Signature>  
   </cac:TransportEvent>
   <cac:SenderParty>
      <cbc:EndpointID schemeID="0198">41955619</cbc:EndpointID>
      <cac:PartyIdentification>
         <cbc:ID schemeID="0088">7300010000001</cbc:ID>    
      </cac:PartyIdentification>
      <cac:PartyName>
         <cbc:Name>Leman</cbc:Name>    
      </cac:PartyName>
      <cac:PostalAddress>
         <cbc:StreetName>Ventrupvej 6</cbc:StreetName>
         <cbc:AdditionalStreetName>Greve Landsby</cbc:AdditionalStreetName>
         <cbc:CityName>Greve</cbc:CityName>
         <cbc:PostalZone>2670</cbc:PostalZone>
         <cbc:CountrySubentity>Region Sjælland</cbc:CountrySubentity>
         <cac:AddressLine>
            <cbc:Line>Bygning 5</cbc:Line>      
         </cac:AddressLine>
         <cac:Country>
            <cbc:IdentificationCode>DK</cbc:IdentificationCode>      
         </cac:Country>    
      </cac:PostalAddress>
      <cac:PartyTaxScheme>
         <cbc:CompanyID>GB325456788</cbc:CompanyID>
         <cac:TaxScheme>
            <cbc:ID>VAT</cbc:ID>      
         </cac:TaxScheme>    
      </cac:PartyTaxScheme>
      <cac:PartyLegalEntity>
         <cbc:RegistrationName>Consortial</cbc:RegistrationName>
         <cbc:CompanyID schemeID="0089">SC234567</cbc:CompanyID>
         <cac:RegistrationAddress>
            <cbc:CityName>Farthing</cbc:CityName>
            <cac:Country>
               <cbc:IdentificationCode>GB</cbc:IdentificationCode>        
            </cac:Country>      
         </cac:RegistrationAddress>    
      </cac:PartyLegalEntity>
      <cac:Contact>
         <cbc:Name>Mr Sender</cbc:Name>
         <cbc:Telephone>0158 1233714</cbc:Telephone>
         <cbc:ElectronicMail>sender@consignor-company.co.uk</cbc:ElectronicMail>    
      </cac:Contact>  
   </cac:SenderParty>
   <cac:ReceiverParty>
      <cbc:EndpointID schemeID="0198">10154596</cbc:EndpointID>
      <cac:PartyIdentification>
         <cbc:ID schemeID="0088">7300010000001</cbc:ID>    
      </cac:PartyIdentification>
      <cac:PartyName>
         <cbc:Name>DHL Express</cbc:Name>    
      </cac:PartyName>
      <cac:PostalAddress>
         <cbc:StreetName>Jydekrogen 14</cbc:StreetName>
         <cbc:AdditionalStreetName>Indkørsel 5</cbc:AdditionalStreetName>
         <cbc:CityName>Vallensbæk Landsby</cbc:CityName>
         <cbc:PostalZone>2625</cbc:PostalZone>
         <cbc:CountrySubentity>Region Hovedstaden</cbc:CountrySubentity>
         <cac:AddressLine>
            <cbc:Line>Bygning 5</cbc:Line>      
         </cac:AddressLine>
         <cac:Country>
            <cbc:IdentificationCode>DK</cbc:IdentificationCode>      
         </cac:Country>    
      </cac:PostalAddress>
      <cac:PartyTaxScheme>
         <cbc:CompanyID>GB325456788</cbc:CompanyID>
         <cac:TaxScheme>
            <cbc:ID>VAT</cbc:ID>      
         </cac:TaxScheme>    
      </cac:PartyTaxScheme>
      <cac:PartyLegalEntity>
         <cbc:RegistrationName>Consortial</cbc:RegistrationName>
         <cbc:CompanyID schemeID="0089">SC234567</cbc:CompanyID>
         <cac:RegistrationAddress>
            <cbc:CityName>Farthing</cbc:CityName>
            <cac:Country>
               <cbc:IdentificationCode>GB</cbc:IdentificationCode>        
            </cac:Country>      
         </cac:RegistrationAddress>    
      </cac:PartyLegalEntity>
      <cac:Contact>
         <cbc:Name>Mrs Receiver</cbc:Name>
         <cbc:Telephone>0158 1233714</cbc:Telephone>
         <cbc:ElectronicMail>msreceiver@tplogistics.co.uk</cbc:ElectronicMail>    
      </cac:Contact>  
   </cac:ReceiverParty>
   <cac:TransportationStatusRequestDocumentReference>
      <cbc:ID>7648779</cbc:ID>
      <cbc:IssueDate>2021-09-29</cbc:IssueDate>
      <cbc:IssueTime>07:49:00</cbc:IssueTime>  
   </cac:TransportationStatusRequestDocumentReference>
   <cac:TransportExecutionPlanDocumentReference>
      <cbc:ID>7648779</cbc:ID>
      <cbc:IssueDate>2021-09-29</cbc:IssueDate>
      <cbc:IssueTime>07:49:00</cbc:IssueTime>  
   </cac:TransportExecutionPlanDocumentReference>
</ubl:TransportationStatus>
