<?xml version="1.0" encoding="UTF-8"?><ubl:TransportationStatusRequest>
  <cbc:CustomizationID>urn:fdc:peppol.eu:logistics:trns:transportation_status_request:1</cbc:CustomizationID>
  <cbc:ProfileID>urn:fdc:peppol.eu:logistics:bis:transportation_status_w_request:1</cbc:ProfileID>
  <cbc:ID>TSR_1</cbc:ID>
  <cbc:IssueDate>2011-10-06</cbc:IssueDate>
  <cbc:IssueTime>09:29:30</cbc:IssueTime>
  <cbc:ShippingOrderID>KHN23-44044</cbc:ShippingOrderID>
  <cbc:TransportationStatusTypeCode>1</cbc:TransportationStatusTypeCode>
  <cac:SenderParty>
    <cbc:EndpointID>41955619</cbc:EndpointID>
    <cac:PartyIdentification>
      <cbc:ID>7300010000001</cbc:ID>
    </cac:PartyIdentification>
    <cac:PartyName>
      <cbc:Name>Leman</cbc:Name>
    </cac:PartyName>
    <cac:PostalAddress>
      <cbc:StreetName>Ventrupvej 6</cbc:StreetName>
      <cbc:AdditionalStreetName>Greve Landsby</cbc:AdditionalStreetName>
      <cbc:CityName>Greve</cbc:CityName>
      <cbc:PostalZone>2670</cbc:PostalZone>
      <cbc:CountrySubentity>Region Sjælland</cbc:CountrySubentity>
      <cac:AddressLine>
        <cbc:Line>Bygning 5</cbc:Line>
      </cac:AddressLine>
      <cac:Country>
        <cbc:IdentificationCode>DK</cbc:IdentificationCode>
      </cac:Country>
    </cac:PostalAddress>
    <cac:PartyTaxScheme>
      <cbc:CompanyID>GB325456788</cbc:CompanyID>
      <cac:TaxScheme>
        <cbc:ID>VAT</cbc:ID>
      </cac:TaxScheme>
    </cac:PartyTaxScheme>
    <cac:PartyLegalEntity>
      <cbc:RegistrationName>Consortial</cbc:RegistrationName>
      <cbc:CompanyID>SC234567</cbc:CompanyID>
      <cac:RegistrationAddress>
        <cbc:CityName>Farthing</cbc:CityName>
        <cac:Country>
          <cbc:IdentificationCode>GB</cbc:IdentificationCode>
        </cac:Country>
      </cac:RegistrationAddress>
    </cac:PartyLegalEntity>
    <cac:Contact>
      <cbc:Name>Mr Sender</cbc:Name>
      <cbc:Telephone>0158 1233714</cbc:Telephone>
      <cbc:ElectronicMail>sender@consignor-company.co.uk</cbc:ElectronicMail>
    </cac:Contact>
  </cac:SenderParty>
  <cac:ReceiverParty>
    <cbc:EndpointID>10154596</cbc:EndpointID>
    <cac:PartyIdentification>
      <cbc:ID>7300010000001</cbc:ID>
    </cac:PartyIdentification>
    <cac:PartyName>
      <cbc:Name>DHL Express</cbc:Name>
    </cac:PartyName>
    <cac:PostalAddress>
      <cbc:StreetName>Jydekrogen 14</cbc:StreetName>
      <cbc:AdditionalStreetName>Indkørsel 5</cbc:AdditionalStreetName>
      <cbc:CityName>Vallensbæk Landsby</cbc:CityName>
      <cbc:PostalZone>2625</cbc:PostalZone>
      <cbc:CountrySubentity>Region Hovedstaden</cbc:CountrySubentity>
      <cac:AddressLine>
        <cbc:Line>Bygning 5</cbc:Line>
      </cac:AddressLine>
      <cac:Country>
        <cbc:IdentificationCode>DK</cbc:IdentificationCode>
      </cac:Country>
    </cac:PostalAddress>
    <cac:PartyTaxScheme>
      <cbc:CompanyID>GB325456788</cbc:CompanyID>
      <cac:TaxScheme>
        <cbc:ID>VAT</cbc:ID>
      </cac:TaxScheme>
    </cac:PartyTaxScheme>
    <cac:PartyLegalEntity>
      <cbc:RegistrationName>Consortial</cbc:RegistrationName>
      <cbc:CompanyID>SC234567</cbc:CompanyID>
      <cac:RegistrationAddress>
        <cbc:CityName>Farthing</cbc:CityName>
        <cac:Country>
          <cbc:IdentificationCode>GB</cbc:IdentificationCode>
        </cac:Country>
      </cac:RegistrationAddress>
    </cac:PartyLegalEntity>
    <cac:Contact>
      <cbc:Name>Mrs Receiver</cbc:Name>
      <cbc:Telephone>0158 1233714</cbc:Telephone>
      <cbc:ElectronicMail>msreceiver@tplogistics.co.uk</cbc:ElectronicMail>
    </cac:Contact>
  </cac:ReceiverParty>
  <cac:TransportExecutionPlanDocumentReference>
    <cbc:ID>7648779</cbc:ID>
    <cbc:IssueDate>2021-09-29</cbc:IssueDate>
    <cbc:IssueTime>07:49:00</cbc:IssueTime>
  </cac:TransportExecutionPlanDocumentReference>
  <cac:Consignment>
    <cbc:ID>12535157654567654</cbc:ID>
    <cac:TransportEvent>
      <cbc:IdentificationID>21412312412</cbc:IdentificationID>
      <cbc:TransportEventTypeCode></cbc:TransportEventTypeCode>
    </cac:TransportEvent>
    <cac:TransportHandlingUnit>
      <cbc:ID>11111222222222</cbc:ID>
    </cac:TransportHandlingUnit>
  </cac:Consignment>
</ubl:TransportationStatusRequest>
