<?xml version="1.0" encoding="UTF-8"?>
<ubl:TransportExecutionPlanRequest xmlns:ubl="urn:oasis:names:specification:ubl:schema:xsd:TransportExecutionPlanRequest-2"
                                   xmlns:cac="urn:oasis:names:specification:ubl:schema:xsd:CommonAggregateComponents-2"
                                   xmlns:cbc="urn:oasis:names:specification:ubl:schema:xsd:CommonBasicComponents-2">
   <cbc:CustomizationID>urn:fdc:peppol.eu:logistics:trns:transport_execution_plan_request:1</cbc:CustomizationID>
   <cbc:ProfileID>urn:fdc:peppol.eu:logistics:bis:transport_execution_plan_w_request:1</cbc:ProfileID>
   <cbc:ID>141278571829041241241</cbc:ID>
   <cbc:IssueDate>2021-09-29</cbc:IssueDate>
   <cbc:IssueTime>09:49:00+02:00</cbc:IssueTime>
   <cbc:DocumentStatusCode>9</cbc:DocumentStatusCode>
   <cbc:TransportUserRemarks>Some remarks</cbc:TransportUserRemarks>
   <cac:TransportUserParty>
      <cbc:EndpointID schemeID="0198">41955619</cbc:EndpointID>
      <cac:PartyIdentification>
         <cbc:ID schemeID="0088">7300010000001</cbc:ID>    
      </cac:PartyIdentification>
      <cac:PartyName>
         <cbc:Name>Novo Nordisk Pharmatech A/S</cbc:Name>    
      </cac:PartyName>
      <cac:PostalAddress>
         <cbc:StreetName>Københavnsvej 216</cbc:StreetName>
         <cbc:AdditionalStreetName>way 1</cbc:AdditionalStreetName>
         <cbc:CityName>Køge</cbc:CityName>
         <cbc:PostalZone>4600</cbc:PostalZone>
         <cbc:CountrySubentity>Region Hovedstaden</cbc:CountrySubentity>
         <cac:AddressLine>
            <cbc:Line>Bygning 5</cbc:Line>      
         </cac:AddressLine>
         <cac:Country>
            <cbc:IdentificationCode>DK</cbc:IdentificationCode>      
         </cac:Country>    
      </cac:PostalAddress>
      <cac:PartyTaxScheme>
         <cbc:CompanyID>GB325456788</cbc:CompanyID>
         <cac:TaxScheme>
            <cbc:ID>VAT</cbc:ID>      
         </cac:TaxScheme>    
      </cac:PartyTaxScheme>
      <cac:PartyLegalEntity>
         <cbc:RegistrationName>Consortial</cbc:RegistrationName>
         <cbc:CompanyID schemeID="0089">SC234567</cbc:CompanyID>
         <cac:RegistrationAddress>
            <cbc:CityName>Farthing</cbc:CityName>
            <cac:Country>
               <cbc:IdentificationCode>GB</cbc:IdentificationCode>        
            </cac:Country>      
         </cac:RegistrationAddress>    
      </cac:PartyLegalEntity>
      <cac:Contact>
         <cbc:Name>Mr Transport user</cbc:Name>
         <cbc:Telephone>0158 1233714</cbc:Telephone>
         <cbc:ElectronicMail>transport-user@transportuser.dk</cbc:ElectronicMail>    
      </cac:Contact>  
   </cac:TransportUserParty>
   <cac:TransportServiceProviderParty>
      <cbc:EndpointID schemeID="0198">85955619</cbc:EndpointID>
      <cac:PartyIdentification>
         <cbc:ID schemeID="0088">7300010000001</cbc:ID>    
      </cac:PartyIdentification>
      <cac:PartyName>
         <cbc:Name>Leman</cbc:Name>    
      </cac:PartyName>
      <cac:PostalAddress>
         <cbc:StreetName>Ventrupvej 6</cbc:StreetName>
         <cbc:AdditionalStreetName>way 1</cbc:AdditionalStreetName>
         <cbc:CityName>Greve</cbc:CityName>
         <cbc:PostalZone>2670</cbc:PostalZone>
         <cbc:CountrySubentity>Region Sjælland</cbc:CountrySubentity>
         <cac:AddressLine>
            <cbc:Line>Bygning 5</cbc:Line>      
         </cac:AddressLine>
         <cac:Country>
            <cbc:IdentificationCode>DK</cbc:IdentificationCode>      
         </cac:Country>    
      </cac:PostalAddress>
      <cac:PartyTaxScheme>
         <cbc:CompanyID>GB325456788</cbc:CompanyID>
         <cac:TaxScheme>
            <cbc:ID>VAT</cbc:ID>      
         </cac:TaxScheme>    
      </cac:PartyTaxScheme>
      <cac:PartyLegalEntity>
         <cbc:RegistrationName>Consortial</cbc:RegistrationName>
         <cbc:CompanyID schemeID="0089">SC234567</cbc:CompanyID>
         <cac:RegistrationAddress>
            <cbc:CityName>Farthing</cbc:CityName>
            <cac:Country>
               <cbc:IdentificationCode>GB</cbc:IdentificationCode>        
            </cac:Country>      
         </cac:RegistrationAddress>    
      </cac:PartyLegalEntity>
      <cac:Contact>
         <cbc:Name>Mr Transport user</cbc:Name>
         <cbc:Telephone>0158 1233714</cbc:Telephone>
         <cbc:ElectronicMail>transport-user@transportuser.dk</cbc:ElectronicMail>    
      </cac:Contact>  
   </cac:TransportServiceProviderParty>
   <cac:PayeeParty>
      <cac:PartyIdentification>
         <cbc:ID schemeID="0088">7300010000001</cbc:ID>    
      </cac:PartyIdentification>
      <cac:PartyName>
         <cbc:Name>Novo Nordisk Pharmatech A/S</cbc:Name>    
      </cac:PartyName>
      <cac:PostalAddress>
         <cbc:StreetName>Københavnsvej 216</cbc:StreetName>
         <cbc:AdditionalStreetName>way 1</cbc:AdditionalStreetName>
         <cbc:CityName>Køge</cbc:CityName>
         <cbc:PostalZone>4600</cbc:PostalZone>
         <cbc:CountrySubentity>Region Hovedstaden</cbc:CountrySubentity>
         <cac:AddressLine>
            <cbc:Line>Bygning 5</cbc:Line>      
         </cac:AddressLine>
         <cac:Country>
            <cbc:IdentificationCode>DK</cbc:IdentificationCode>      
         </cac:Country>    
      </cac:PostalAddress>
      <cac:PartyTaxScheme>
         <cbc:CompanyID>GB325456788</cbc:CompanyID>
         <cac:TaxScheme>
            <cbc:ID>VAT</cbc:ID>      
         </cac:TaxScheme>    
      </cac:PartyTaxScheme>
      <cac:PartyLegalEntity>
         <cbc:RegistrationName>Consortial</cbc:RegistrationName>
         <cbc:CompanyID schemeID="0089">SC234567</cbc:CompanyID>
         <cac:RegistrationAddress>
            <cbc:CityName>Farthing</cbc:CityName>
            <cac:Country>
               <cbc:IdentificationCode>GB</cbc:IdentificationCode>        
            </cac:Country>      
         </cac:RegistrationAddress>    
      </cac:PartyLegalEntity>
      <cac:Contact>
         <cbc:Name>Mr Transport user</cbc:Name>
         <cbc:Telephone>0158 1233714</cbc:Telephone>
         <cbc:ElectronicMail>transport-user@transportuser.dk</cbc:ElectronicMail>    
      </cac:Contact>  
   </cac:PayeeParty>
   <cac:AdditionalDocumentReference>
      <cbc:ID>7648779</cbc:ID>
      <cbc:DocumentTypeCode>380</cbc:DocumentTypeCode>
      <cbc:DocumentType>Delivery soecification</cbc:DocumentType>
      <cac:Attachment>
         <cbc:EmbeddedDocumentBinaryObject mimeCode="application/pdf" filename="Hours-spent.pdf">aHR0cHM6Ly90ZXN0LXZlZmEuZGlmaS5uby9wZXBwb2xiaXMvcG9hY2MvYmlsbGluZy8zLjAvYmlzLw==</cbc:EmbeddedDocumentBinaryObject>
         <cac:ExternalReference>
            <cbc:URI>www.beast.se</cbc:URI>      
         </cac:ExternalReference>    
      </cac:Attachment>  
   </cac:AdditionalDocumentReference>
   <cac:MainTransportationService>
      <cbc:TransportServiceCode>4</cbc:TransportServiceCode>
      <cbc:TransportationServiceDescription>Transport from door to door</cbc:TransportationServiceDescription>  
   </cac:MainTransportationService>
   <cac:AdditionalTransportationService>
      <cbc:TransportServiceCode>12</cbc:TransportServiceCode>
      <cbc:TransportationServiceDescription>Insurance</cbc:TransportationServiceDescription>  
   </cac:AdditionalTransportationService>
   <cac:Consignment>
      <cbc:ID>12535157654567654</cbc:ID>
      <cbc:ConsigneeAssignedID>0160110</cbc:ConsigneeAssignedID>
      <cbc:ConsignorAssignedID>501153162</cbc:ConsignorAssignedID>
      <cbc:GrossWeightMeasure unitCode="KGM">1030</cbc:GrossWeightMeasure>
      <cbc:GrossVolumeMeasure unitCode="MTQ">20</cbc:GrossVolumeMeasure>
      <cbc:LoadingLengthMeasure unitCode="MTR">0.4</cbc:LoadingLengthMeasure>
      <cbc:HazardousRiskIndicator>false</cbc:HazardousRiskIndicator>
      <cbc:TotalTransportHandlingUnitQuantity unitCode="EA">1</cbc:TotalTransportHandlingUnitQuantity>
      <cac:RequestedPickupTransportEvent>
         <cbc:IdentificationID>21412312412</cbc:IdentificationID>
         <cac:Location>
            <cbc:ID schemeID="0088">5790000435951</cbc:ID>
            <cbc:Name>Novo Nordisk Pharmatech A/S</cbc:Name>
            <cac:Address>
               <cbc:StreetName>Københavnsvej 216</cbc:StreetName>
               <cbc:AdditionalStreetName>Purchasing</cbc:AdditionalStreetName>
               <cbc:CityName>Køge</cbc:CityName>
               <cbc:PostalZone>4600</cbc:PostalZone>
               <cbc:CountrySubentity>Region Hovedstaden</cbc:CountrySubentity>
               <cac:AddressLine>
                  <cbc:Line>3rd Floor, Room 5</cbc:Line>          
               </cac:AddressLine>
               <cac:Country>
                  <cbc:IdentificationCode>DK</cbc:IdentificationCode>          
               </cac:Country>
               <cac:LocationCoordinate>
                  <cbc:CoordinateSystemCode>EPSG:3857</cbc:CoordinateSystemCode>
                  <cbc:LatitudeDegreesMeasure unitCode="DD">59.331660358041425</cbc:LatitudeDegreesMeasure>
                  <cbc:LongitudeDegreesMeasure unitCode="DD">18.063363084988005</cbc:LongitudeDegreesMeasure>
                  <cbc:AltitudeMeasure unitCode="MTR">12.5</cbc:AltitudeMeasure>          
               </cac:LocationCoordinate>        
            </cac:Address>      
         </cac:Location>
         <cac:Period>
            <cbc:StartDate>2021-09-29</cbc:StartDate>
            <cbc:StartTime>08:00:00+01:00</cbc:StartTime>
            <cbc:EndDate>2021-09-29</cbc:EndDate>
            <cbc:EndTime>10:00:00+01:00</cbc:EndTime>      
         </cac:Period>    
      </cac:RequestedPickupTransportEvent>
      <cac:RequestedDeliveryTransportEvent>
         <cbc:IdentificationID>625435485674654132</cbc:IdentificationID>
         <cac:Location>
            <cbc:ID schemeID="0088">5790000435951</cbc:ID>
            <cbc:Name>DHL Københavns lufthavn</cbc:Name>
            <cac:Address>
               <cbc:StreetName>Kystvejen 24</cbc:StreetName>
               <cbc:AdditionalStreetName>Ved lufthavnen</cbc:AdditionalStreetName>
               <cbc:CityName>Kastrup</cbc:CityName>
               <cbc:PostalZone>2770</cbc:PostalZone>
               <cbc:CountrySubentity>Region Hovedstaden</cbc:CountrySubentity>
               <cac:AddressLine>
                  <cbc:Line>3rd Floor, Room 5</cbc:Line>          
               </cac:AddressLine>
               <cac:Country>
                  <cbc:IdentificationCode>DK</cbc:IdentificationCode>          
               </cac:Country>
               <cac:LocationCoordinate>
                  <cbc:CoordinateSystemCode>EPSG:3857</cbc:CoordinateSystemCode>
                  <cbc:LatitudeDegreesMeasure unitCode="DD">59.331660358041425</cbc:LatitudeDegreesMeasure>
                  <cbc:LongitudeDegreesMeasure unitCode="DD">18.063363084988005</cbc:LongitudeDegreesMeasure>
                  <cbc:AltitudeMeasure unitCode="MTR">12.5</cbc:AltitudeMeasure>          
               </cac:LocationCoordinate>        
            </cac:Address>      
         </cac:Location>
         <cac:Period>
            <cbc:StartDate>2021-09-29</cbc:StartDate>
            <cbc:StartTime>10:00:00+01:00</cbc:StartTime>
            <cbc:EndDate>2021-09-29</cbc:EndDate>
            <cbc:EndTime>11:00:00+01:00</cbc:EndTime>      
         </cac:Period>    
      </cac:RequestedDeliveryTransportEvent>
      <cac:ConsigneeParty>
         <cac:PartyIdentification>
            <cbc:ID schemeID="0088">7300010000001</cbc:ID>      
         </cac:PartyIdentification>
         <cac:PartyName>
            <cbc:Name>HUS Hospital</cbc:Name>      
         </cac:PartyName>
         <cac:PostalAddress>
            <cbc:StreetName>Topeliuksenkatu 5</cbc:StreetName>
            <cbc:AdditionalStreetName>way 1</cbc:AdditionalStreetName>
            <cbc:CityName>Helsinki</cbc:CityName>
            <cbc:PostalZone>00260</cbc:PostalZone>
            <cbc:CountrySubentity>Heremouthshire</cbc:CountrySubentity>
            <cac:AddressLine>
               <cbc:Line>Gate 34</cbc:Line>        
            </cac:AddressLine>
            <cac:Country>
               <cbc:IdentificationCode>FI</cbc:IdentificationCode>        
            </cac:Country>      
         </cac:PostalAddress>
         <cac:PartyLegalEntity>
            <cbc:RegistrationName>HUS Hospital</cbc:RegistrationName>
            <cbc:CompanyID schemeID="0212">1567535-0</cbc:CompanyID>
            <cac:RegistrationAddress>
               <cbc:CityName>Helsinki</cbc:CityName>
               <cac:Country>
                  <cbc:IdentificationCode>FI</cbc:IdentificationCode>          
               </cac:Country>        
            </cac:RegistrationAddress>      
         </cac:PartyLegalEntity>
         <cac:Contact>
            <cbc:Name>Mr Sender</cbc:Name>
            <cbc:Telephone>0158 1233714</cbc:Telephone>
            <cbc:ElectronicMail>sender@consignor-company.co.uk</cbc:ElectronicMail>      
         </cac:Contact>    
      </cac:ConsigneeParty>
      <cac:ConsignorParty>
         <cac:PartyIdentification>
            <cbc:ID schemeID="0088">7300010000001</cbc:ID>      
         </cac:PartyIdentification>
         <cac:PartyName>
            <cbc:Name>Novo Nordisk Pharmatech A/S</cbc:Name>      
         </cac:PartyName>
         <cac:PostalAddress>
            <cbc:StreetName>Københavnsvej 216</cbc:StreetName>
            <cbc:AdditionalStreetName>way 1</cbc:AdditionalStreetName>
            <cbc:CityName>Køge</cbc:CityName>
            <cbc:PostalZone>4600</cbc:PostalZone>
            <cbc:CountrySubentity>Heremouthshire</cbc:CountrySubentity>
            <cac:AddressLine>
               <cbc:Line>Gate 34</cbc:Line>        
            </cac:AddressLine>
            <cac:Country>
               <cbc:IdentificationCode>DK</cbc:IdentificationCode>        
            </cac:Country>      
         </cac:PostalAddress>
         <cac:PartyLegalEntity>
            <cbc:RegistrationName>Novo Nordisk Pharmatech A/S</cbc:RegistrationName>
            <cbc:CompanyID schemeID="0198">13246149</cbc:CompanyID>
            <cac:RegistrationAddress>
               <cbc:CityName>Køge</cbc:CityName>
               <cac:Country>
                  <cbc:IdentificationCode>DK</cbc:IdentificationCode>          
               </cac:Country>        
            </cac:RegistrationAddress>      
         </cac:PartyLegalEntity>
         <cac:Contact>
            <cbc:Name>Mr Sender</cbc:Name>
            <cbc:Telephone>0158 1233714</cbc:Telephone>
            <cbc:ElectronicMail>sender@consignor-company.co.uk</cbc:ElectronicMail>      
         </cac:Contact>    
      </cac:ConsignorParty>
      <cac:OriginalDepartureCountry>
         <cbc:IdentificationCode>DK</cbc:IdentificationCode>    
      </cac:OriginalDepartureCountry>
      <cac:FinalDestinationCountry>
         <cbc:IdentificationCode>FI</cbc:IdentificationCode>    
      </cac:FinalDestinationCountry>
      <cac:DeliveryTerms>
         <cbc:ID>DAP</cbc:ID>
         <cbc:SpecialTerms>DAP</cbc:SpecialTerms>
         <cac:Location>
            <cbc:ID schemeID="0088">5790000435951</cbc:ID>
            <cbc:Name>CPH</cbc:Name>      
         </cac:Location>    
      </cac:DeliveryTerms>
      <cac:PaymentTerms>
         <cbc:ID>DAP</cbc:ID>
         <cbc:Note>To be paid on invoice</cbc:Note>    
      </cac:PaymentTerms>
      <cac:FreightAllowanceCharge>
         <cbc:ChargeIndicator>true</cbc:ChargeIndicator>
         <cbc:AllowanceChargeReasonCode>1</cbc:AllowanceChargeReasonCode>
         <cbc:Amount>100</cbc:Amount>    
      </cac:FreightAllowanceCharge>
      <cac:MainCarriageShipmentStage>
         <cbc:TransportModeCode>4</cbc:TransportModeCode>
         <cbc:HazardousRiskIndicator>false</cbc:HazardousRiskIndicator>
         <cac:RequestedDepartureTransportEvent>
            <cbc:IdentificationID>6522956526554654</cbc:IdentificationID>
            <cac:Location>
               <cbc:ID schemeID="0088">5790000435951</cbc:ID>
               <cbc:Name>Name</cbc:Name>
               <cac:Address>
                  <cbc:StreetName>Avon Way</cbc:StreetName>
                  <cbc:AdditionalStreetName>Purchasing</cbc:AdditionalStreetName>
                  <cbc:CityName>Bridgtow</cbc:CityName>
                  <cbc:PostalZone>ZZ99 1ZZ</cbc:PostalZone>
                  <cbc:CountrySubentity>Avon</cbc:CountrySubentity>
                  <cac:AddressLine>
                     <cbc:Line>3rd Floor, Room 5</cbc:Line>            
                  </cac:AddressLine>
                  <cac:Country>
                     <cbc:IdentificationCode>GB</cbc:IdentificationCode>            
                  </cac:Country>
                  <cac:LocationCoordinate>
                     <cbc:CoordinateSystemCode>EPSG:3857</cbc:CoordinateSystemCode>
                     <cbc:LatitudeDegreesMeasure unitCode="DD">59.331660358041425</cbc:LatitudeDegreesMeasure>
                     <cbc:LongitudeDegreesMeasure unitCode="DD">18.063363084988005</cbc:LongitudeDegreesMeasure>
                     <cbc:AltitudeMeasure unitCode="MTR">12.5</cbc:AltitudeMeasure>            
                  </cac:LocationCoordinate>          
               </cac:Address>        
            </cac:Location>
            <cac:Period>
               <cbc:StartDate>2021-09-29</cbc:StartDate>
               <cbc:StartTime>15:00:00+01:00</cbc:StartTime>
               <cbc:EndDate>2021-09-29</cbc:EndDate>
               <cbc:EndTime>16:50:00+01:00</cbc:EndTime>        
            </cac:Period>      
         </cac:RequestedDepartureTransportEvent>
         <cac:RequestedArrivalTransportEvent>
            <cbc:IdentificationID>54354684732168476514</cbc:IdentificationID>
            <cac:Location>
               <cbc:ID schemeID="0088">5790000435951</cbc:ID>
               <cbc:Name>Finnair Cargo terminal</cbc:Name>
               <cac:Address>
                  <cbc:StreetName>Turbiinitie 4</cbc:StreetName>
                  <cbc:CityName>Vantaa</cbc:CityName>
                  <cbc:PostalZone>01530</cbc:PostalZone>
                  <cac:Country>
                     <cbc:IdentificationCode>FI</cbc:IdentificationCode>            
                  </cac:Country>          
               </cac:Address>        
            </cac:Location>
            <cac:Period>
               <cbc:StartDate>2021-09-29</cbc:StartDate>
               <cbc:StartTime>15:00:00+01:00</cbc:StartTime>
               <cbc:EndDate>2021-09-29</cbc:EndDate>
               <cbc:EndTime>16:50:00+01:00</cbc:EndTime>        
            </cac:Period>      
         </cac:RequestedArrivalTransportEvent>    
      </cac:MainCarriageShipmentStage>
      <cac:TransportHandlingUnit>
         <cbc:ID>11111222222222</cbc:ID>
         <cbc:TransportHandlingUnitTypeCode>AG</cbc:TransportHandlingUnitTypeCode>
         <cbc:HandlingCode>CCC</cbc:HandlingCode>
         <cbc:HandlingInstructions>To be set vertical</cbc:HandlingInstructions>
         <cbc:HazardousRiskIndicator>false</cbc:HazardousRiskIndicator>
         <cbc:ShippingMarks>Keep dry</cbc:ShippingMarks>
         <cac:TransportEquipment>
            <cbc:ID>34563444</cbc:ID>
            <cbc:TransportEquipmentTypeCode>CN</cbc:TransportEquipmentTypeCode>
            <cbc:SizeTypeCode>10</cbc:SizeTypeCode>
            <cbc:RefrigerationOnIndicator>true</cbc:RefrigerationOnIndicator>
            <cbc:Description>A 20 foot refrigerated container that is not actively controlling temperature of the product.</cbc:Description>
            <cbc:PowerIndicator>true</cbc:PowerIndicator>      
         </cac:TransportEquipment>
         <cac:MeasurementDimension>
            <cbc:AttributeID>LN</cbc:AttributeID>
            <cbc:Measure unitCode="MTR">123</cbc:Measure>      
         </cac:MeasurementDimension>
         <cac:MinimumTemperature>
            <cbc:AttributeID>TC</cbc:AttributeID>
            <cbc:Measure unitCode="CEL">-21</cbc:Measure>      
         </cac:MinimumTemperature>
         <cac:MaximumTemperature>
            <cbc:AttributeID>TC</cbc:AttributeID>
            <cbc:Measure unitCode="CEL">-21</cbc:Measure>      
         </cac:MaximumTemperature>
         <cac:GoodsItem>
            <cbc:ID>10</cbc:ID>
            <cbc:Description>Torsk sl u/h fersk fulliset 20kg iso 2-4 kg</cbc:Description>
            <cbc:HazardousRiskIndicator>false</cbc:HazardousRiskIndicator>
            <cac:Item>
               <cbc:Name>Torsk</cbc:Name>
               <cac:CommodityClassification>
                  <cbc:ItemClassificationCode listID="ZZZ" listVersionID="3.0.2" name="SBMI">KO2012140200</cbc:ItemClassificationCode>          
               </cac:CommodityClassification>
               <cac:HazardousItem>
                  <cbc:UNDGCode>ADR</cbc:UNDGCode>
                  <cbc:HazardClassID>2</cbc:HazardClassID>
                  <cbc:NetWeightMeasure unitCode="KGM">40.8</cbc:NetWeightMeasure>          
               </cac:HazardousItem>        
            </cac:Item>      
         </cac:GoodsItem>    
      </cac:TransportHandlingUnit>  
   </cac:Consignment>
</ubl:TransportExecutionPlanRequest>
