<?xml version="1.0" encoding="UTF-8"?><ubl:Waybill>
  <cbc:CustomizationID>urn:fdc:peppol.eu:logistics:trns:waybill:1</cbc:CustomizationID>
  <cbc:ProfileID>urn:fdc:peppol.eu:logistics:bis:waybill_only:1</cbc:ProfileID>
  <cbc:ID>KHN23-44044-1</cbc:ID>
  <cbc:CarrierAssignedID>123456789987654321</cbc:CarrierAssignedID>
  <cbc:IssueDate>2005-06-25</cbc:IssueDate>
  <cbc:IssueTime>09:00:00</cbc:IssueTime>
  <cbc:Name>Air Waybill</cbc:Name>
  <cbc:ShippingOrderID>KHN23-44044</cbc:ShippingOrderID>
  <cac:ConsignorParty>
    <cbc:EndpointID>13246149</cbc:EndpointID>
    <cac:PartyIdentification>
      <cbc:ID>7300010000001</cbc:ID>
    </cac:PartyIdentification>
    <cac:PartyName>
      <cbc:Name>Novo Nordisk Pharmatech A/S</cbc:Name>
    </cac:PartyName>
    <cac:PostalAddress>
      <cbc:StreetName>Københavnsvej 216</cbc:StreetName>
      <cbc:AdditionalStreetName>Purchasing</cbc:AdditionalStreetName>
      <cbc:CityName>Køge</cbc:CityName>
      <cbc:PostalZone>4600</cbc:PostalZone>
      <cbc:CountrySubentity>Heremouthshire</cbc:CountrySubentity>
      <cac:AddressLine>
        <cbc:Line>Gate 34</cbc:Line>
      </cac:AddressLine>
      <cac:Country>
        <cbc:IdentificationCode>DK</cbc:IdentificationCode>
      </cac:Country>
    </cac:PostalAddress>
    <cac:PartyLegalEntity>
      <cbc:RegistrationName>Novo Nordisk Pharmatech A/S</cbc:RegistrationName>
      <cbc:CompanyID>13246149</cbc:CompanyID>
      <cac:RegistrationAddress>
        <cbc:CityName>Køge</cbc:CityName>
        <cac:Country>
          <cbc:IdentificationCode>DK</cbc:IdentificationCode>
        </cac:Country>
      </cac:RegistrationAddress>
    </cac:PartyLegalEntity>
    <cac:Contact>
      <cbc:Name>Mr Sender</cbc:Name>
      <cbc:Telephone>0158 1233714</cbc:Telephone>
      <cbc:ElectronicMail>sender@consignor-company.co.uk</cbc:ElectronicMail>
    </cac:Contact>
  </cac:ConsignorParty>
  <cac:CarrierParty>
    <cbc:EndpointID>0108023-3</cbc:EndpointID>
    <cac:PartyIdentification>
      <cbc:ID>7300010000001</cbc:ID>
    </cac:PartyIdentification>
    <cac:PartyName>
      <cbc:Name>Finnair Oyj</cbc:Name>
    </cac:PartyName>
    <cac:PostalAddress>
      <cbc:StreetName>Tietotie 9</cbc:StreetName>
      <cbc:AdditionalStreetName>Purchasing</cbc:AdditionalStreetName>
      <cbc:CityName>Vantaa</cbc:CityName>
      <cbc:PostalZone>4600</cbc:PostalZone>
      <cbc:CountrySubentity>Heremouthshire</cbc:CountrySubentity>
      <cac:AddressLine>
        <cbc:Line>Gate 34</cbc:Line>
      </cac:AddressLine>
      <cac:Country>
        <cbc:IdentificationCode>FI</cbc:IdentificationCode>
      </cac:Country>
    </cac:PostalAddress>
    <cac:PartyLegalEntity>
      <cbc:RegistrationName>Leman</cbc:RegistrationName>
      <cbc:CompanyID>0108023-3</cbc:CompanyID>
      <cac:RegistrationAddress>
        <cbc:CityName>Vantaa</cbc:CityName>
        <cac:Country>
          <cbc:IdentificationCode>FI</cbc:IdentificationCode>
        </cac:Country>
      </cac:RegistrationAddress>
    </cac:PartyLegalEntity>
  </cac:CarrierParty>
  <cac:FreightForwarderParty>
    <cac:PartyName>
      <cbc:Name>Finnair Oyj</cbc:Name>
    </cac:PartyName>
    <cac:PostalAddress>
      <cbc:StreetName>Tietotie 9</cbc:StreetName>
      <cbc:AdditionalStreetName>Purchasing</cbc:AdditionalStreetName>
      <cbc:CityName>Vantaa</cbc:CityName>
      <cbc:PostalZone>4600</cbc:PostalZone>
      <cbc:CountrySubentity>Heremouthshire</cbc:CountrySubentity>
      <cac:AddressLine>
        <cbc:Line>Gate 34</cbc:Line>
      </cac:AddressLine>
      <cac:Country>
        <cbc:IdentificationCode>FI</cbc:IdentificationCode>
      </cac:Country>
    </cac:PostalAddress>
    <cac:PartyLegalEntity>
      <cbc:RegistrationName>Leman</cbc:RegistrationName>
      <cbc:CompanyID>0108023-3</cbc:CompanyID>
      <cac:RegistrationAddress>
        <cbc:CityName>Vantaa</cbc:CityName>
        <cac:Country>
          <cbc:IdentificationCode>FI</cbc:IdentificationCode>
        </cac:Country>
      </cac:RegistrationAddress>
    </cac:PartyLegalEntity>
  </cac:FreightForwarderParty>
  <cac:Shipment>
    <cbc:ID>1</cbc:ID>
    <cbc:Information>hank at arriving</cbc:Information>
    <cac:Consignment>
      <cbc:ID>12535157654567654</cbc:ID>
      <cbc:ConsigneeAssignedID>1234</cbc:ConsigneeAssignedID>
      <cbc:ConsignorAssignedID>5678</cbc:ConsignorAssignedID>
      <cbc:GrossWeightMeasure>1030</cbc:GrossWeightMeasure>
      <cbc:GrossVolumeMeasure>20</cbc:GrossVolumeMeasure>
      <cbc:LoadingLengthMeasure>0.4</cbc:LoadingLengthMeasure>
      <cbc:HazardousRiskIndicator>false</cbc:HazardousRiskIndicator>
      <cbc:TotalTransportHandlingUnitQuantity>1</cbc:TotalTransportHandlingUnitQuantity>
      <cac:ConsigneeParty>
        <cac:PartyName>
          <cbc:Name>HUS Hospital</cbc:Name>
        </cac:PartyName>
        <cac:PostalAddress>
          <cbc:StreetName>Topeliuksenkatu 5</cbc:StreetName>
          <cbc:CityName>Helsinki</cbc:CityName>
          <cbc:PostalZone>00260</cbc:PostalZone>
          <cac:Country>
            <cbc:IdentificationCode>FI</cbc:IdentificationCode>
          </cac:Country>
        </cac:PostalAddress>
        <cac:PartyLegalEntity>
          <cbc:RegistrationName>HUS Hospital</cbc:RegistrationName>
          <cbc:CompanyID>1567535-0</cbc:CompanyID>
          <cac:RegistrationAddress>
            <cbc:CityName>Helsinki</cbc:CityName>
            <cac:Country>
              <cbc:IdentificationCode>FI</cbc:IdentificationCode>
            </cac:Country>
          </cac:RegistrationAddress>
        </cac:PartyLegalEntity>
        <cac:Contact>
          <cbc:Name>Mr Sender</cbc:Name>
          <cbc:Telephone>0158 1233714</cbc:Telephone>
          <cbc:ElectronicMail>sender@consignor-company.co.uk</cbc:ElectronicMail>
        </cac:Contact>
      </cac:ConsigneeParty>
      <cac:OriginalDepartureCountry>
        <cbc:IdentificationCode>DK</cbc:IdentificationCode>
      </cac:OriginalDepartureCountry>
      <cac:FinalDestinationCountry>
        <cbc:IdentificationCode>FI</cbc:IdentificationCode>
      </cac:FinalDestinationCountry>
      <cac:TransportHandlingUnit>
        <cbc:ID>11111222222222</cbc:ID>
        <cbc:TransportHandlingUnitTypeCode>AG</cbc:TransportHandlingUnitTypeCode>
        <cbc:HandlingCode>CCC</cbc:HandlingCode>
        <cbc:HandlingInstructions>To be set vertical</cbc:HandlingInstructions>
        <cbc:HazardousRiskIndicator>false</cbc:HazardousRiskIndicator>
        <cbc:ShippingMarks>Keep dry</cbc:ShippingMarks>
        <cac:TransportEquipment>
          <cbc:ID>34563444</cbc:ID>
          <cbc:TransportEquipmentTypeCode>CN</cbc:TransportEquipmentTypeCode>
          <cbc:SizeTypeCode>10</cbc:SizeTypeCode>
          <cbc:RefrigerationOnIndicator>true</cbc:RefrigerationOnIndicator>
          <cbc:Description>A 20 foot refrigerated container that is not actively controlling temperature of the product.</cbc:Description>
          <cbc:PowerIndicator>true</cbc:PowerIndicator>
        </cac:TransportEquipment>
        <cac:MeasurementDimension>
          <cbc:AttributeID>LN</cbc:AttributeID>
          <cbc:Measure>123</cbc:Measure>
        </cac:MeasurementDimension>
        <cac:MinimumTemperature>
          <cbc:AttributeID>TC</cbc:AttributeID>
          <cbc:Measure>-21</cbc:Measure>
        </cac:MinimumTemperature>
        <cac:MaximumTemperature>
          <cbc:AttributeID>TC</cbc:AttributeID>
          <cbc:Measure>-21</cbc:Measure>
        </cac:MaximumTemperature>
        <cac:GoodsItem>
          <cbc:Description>Torsk sl u/h fersk fulliset 20kg iso 2-4 kg</cbc:Description>
          <cbc:HazardousRiskIndicator>false</cbc:HazardousRiskIndicator>
          <cac:Item>
            <cbc:Name>Torsk</cbc:Name>
            <cac:CommodityClassification>
              <cbc:ItemClassificationCode>KO2012140200</cbc:ItemClassificationCode>
            </cac:CommodityClassification>
            <cac:HazardousItem>
              <cbc:UNDGCode>ADR</cbc:UNDGCode>
              <cbc:HazardClassID>2</cbc:HazardClassID>
              <cbc:NetWeightMeasure>40.8</cbc:NetWeightMeasure>
            </cac:HazardousItem>
          </cac:Item>
        </cac:GoodsItem>
      </cac:TransportHandlingUnit>
    </cac:Consignment>
    <cac:ShipmentStage>
      <cbc:TransportModeCode>4</cbc:TransportModeCode>
      <cac:TransportMeans>
        <cac:AirTransport>
          <cbc:AircraftID>JA8088</cbc:AircraftID>
        </cac:AirTransport>
        <cac:RoadTransport>
          <cbc:LicensePlateID>DF10958</cbc:LicensePlateID>
        </cac:RoadTransport>
        <cac:RailTransport>
          <cbc:TrainID>12014</cbc:TrainID>
          <cbc:RailCarID>50 63 20-33 801-5</cbc:RailCarID>
        </cac:RailTransport>
        <cac:MaritimeTransport>
          <cbc:VesselID>wrt34663</cbc:VesselID>
        </cac:MaritimeTransport>
      </cac:TransportMeans>
    </cac:ShipmentStage>
    <cac:Delivery>
      <cbc:TrackingID>456789</cbc:TrackingID>
      <cac:DeliveryLocation>
        <cbc:ID>5790000435951</cbc:ID>
        <cbc:Name>Name</cbc:Name>
        <cac:Address>
          <cbc:StreetName>Avon Way</cbc:StreetName>
          <cbc:AdditionalStreetName>Purchasing</cbc:AdditionalStreetName>
          <cbc:CityName>Bridgtow</cbc:CityName>
          <cbc:PostalZone>ZZ99 1ZZ</cbc:PostalZone>
          <cbc:CountrySubentity>Avon</cbc:CountrySubentity>
          <cac:AddressLine>
            <cbc:Line>3rd Floor, Room 5</cbc:Line>
          </cac:AddressLine>
          <cac:Country>
            <cbc:IdentificationCode>GB</cbc:IdentificationCode>
          </cac:Country>
        </cac:Address>
        <cac:LocationCoordinate>
          <cbc:CoordinateSystemCode>EPSG:3857</cbc:CoordinateSystemCode>
          <cbc:LatitudeDegreesMeasure>59.331660358041425</cbc:LatitudeDegreesMeasure>
          <cbc:LongitudeDegreesMeasure>18.063363084988005</cbc:LongitudeDegreesMeasure>
        </cac:LocationCoordinate>
      </cac:DeliveryLocation>
      <cac:EstimatedDeliveryPeriod>
        <cbc:StartDate>2021-09-25</cbc:StartDate>
        <cbc:StartTime>12:00:00</cbc:StartTime>
        <cbc:EndDate>2021-09-27</cbc:EndDate>
        <cbc:EndTime>12:00:00</cbc:EndTime>
      </cac:EstimatedDeliveryPeriod>
      <cac:Despatch>
        <cac:DespatchAddress>
          <cbc:ID>34456456456456</cbc:ID>
          <cbc:StreetName>Avon Way</cbc:StreetName>
          <cbc:AdditionalStreetName>way 2</cbc:AdditionalStreetName>
          <cbc:CityName>Bridgtow</cbc:CityName>
          <cbc:PostalZone>ZZ99 1ZZ</cbc:PostalZone>
          <cbc:CountrySubentity>Avon</cbc:CountrySubentity>
          <cac:AddressLine>
            <cbc:Line>3rd Floor, Room 5</cbc:Line>
          </cac:AddressLine>
          <cac:Country>
            <cbc:IdentificationCode>GB</cbc:IdentificationCode>
          </cac:Country>
          <cac:LocationCoordinate>
            <cbc:CoordinateSystemCode>EPSG:3857</cbc:CoordinateSystemCode>
            <cbc:LatitudeDegreesMeasure>59.33169866504851</cbc:LatitudeDegreesMeasure>
            <cbc:LongitudeDegreesMeasure>18.063330898492403</cbc:LongitudeDegreesMeasure>
            <cbc:AltitudeMeasure>12.5</cbc:AltitudeMeasure>
          </cac:LocationCoordinate>
        </cac:DespatchAddress>
      </cac:Despatch>
      <cac:DeliveryTerms>
        <cbc:ID>DAP</cbc:ID>
        <cbc:SpecialTerms>DAP</cbc:SpecialTerms>
        <cac:DeliveryLocation>
          <cbc:ID>Kalmar</cbc:ID>
        </cac:DeliveryLocation>
      </cac:DeliveryTerms>
    </cac:Delivery>
  </cac:Shipment>
  <cac:DocumentReference>
    <cbc:ID>7648779</cbc:ID>
    <cbc:DocumentTypeCode>380</cbc:DocumentTypeCode>
    <cbc:DocumentType>Delivery soecification</cbc:DocumentType>
    <cac:Attachment>
      <cbc:EmbeddedDocumentBinaryObject>aHR0cHM6Ly90ZXN0LXZlZmEuZGlmaS5uby9wZXBwb2xiaXMvcG9hY2MvYmlsbGluZy8zLjAvYmlzLw==</cbc:EmbeddedDocumentBinaryObject>
      <cac:ExternalReference>
        <cbc:URI>www.beast.se</cbc:URI>
      </cac:ExternalReference>
    </cac:Attachment>
  </cac:DocumentReference>
  <cac:Signature>
    <cbc:ID>3453</cbc:ID>
    <cbc:ValidationDate>2021-09-29</cbc:ValidationDate>
    <cbc:ValidationTime>09:49:00</cbc:ValidationTime>
    <cac:SignatoryParty>
      <cac:PartyName>
        <cbc:Name>HUS Hospital</cbc:Name>
      </cac:PartyName>
      <cac:PostalAddress>
        <cbc:StreetName>Topeliuksenkatu 5</cbc:StreetName>
        <cbc:AdditionalStreetName>Purchasing</cbc:AdditionalStreetName>
        <cbc:CityName>Helsinki</cbc:CityName>
        <cbc:PostalZone>00260</cbc:PostalZone>
        <cbc:CountrySubentity>Heremouthshire</cbc:CountrySubentity>
        <cac:AddressLine>
          <cbc:Line>Gate 34</cbc:Line>
        </cac:AddressLine>
        <cac:Country>
          <cbc:IdentificationCode>FI</cbc:IdentificationCode>
        </cac:Country>
      </cac:PostalAddress>
      <cac:Person>
        <cbc:ID>45976</cbc:ID>
        <cbc:FirstName>Valiry</cbc:FirstName>
        <cbc:FamilytName>Sender</cbc:FamilytName>
        <cbc:JobTitle>Director</cbc:JobTitle>
      </cac:Person>
    </cac:SignatoryParty>
    <cac:DigitalSignatureAttachment>
      <cbc:EmbeddedDocumentBinaryObject>aHR0cHM6Ly90ZXN0LXZlZmEuZGlmaS5uby9wZXBwb2xiaXMvcG9hY2MvYmlsbGluZy8zLjAvYmlzLw==</cbc:EmbeddedDocumentBinaryObject>
      <cac:ExternalReference>
        <cbc:URI>www.beast.se</cbc:URI>
      </cac:ExternalReference>
    </cac:DigitalSignatureAttachment>
  </cac:Signature>
</ubl:Waybill>
