<?xml version="1.0" encoding="UTF-8"?><ubl:WeightStatement>
  <cbc:CustomizationID>urn:fdc:peppol.eu:logistics:trns:weight_statement:1</cbc:CustomizationID>
  <cbc:ProfileID>urn:fdc:peppol.eu:logistics:bis:weight_statement:1</cbc:ProfileID>
  <cbc:ID>GOA294107</cbc:ID>
  <cbc:IssueDate>2016-11-03</cbc:IssueDate>
  <cbc:IssueTime>09:30:00</cbc:IssueTime>
  <cbc:WeightStatementTypeCode>01</cbc:WeightStatementTypeCode>
  <cac:SenderParty>
    <cbc:EndpointID>7300010000001</cbc:EndpointID>
    <cac:PartyIdentification>
      <cbc:ID>7300010000001</cbc:ID>
    </cac:PartyIdentification>
    <cac:PartyName>
      <cbc:Name>Weighing Solutions AB</cbc:Name>
    </cac:PartyName>
  </cac:SenderParty>
  <cac:ReceiverParty>
    <cbc:EndpointID>1251513513245</cbc:EndpointID>
    <cac:PartyIdentification>
      <cbc:ID>1251513513245</cbc:ID>
    </cac:PartyIdentification>
    <cac:PartyName>
      <cbc:Name>Transport Management Solutions AB</cbc:Name>
    </cac:PartyName>
  </cac:ReceiverParty>
  <cac:WeighingParty>
    <cac:PartyIdentification>
      <cbc:ID>5790000435951</cbc:ID>
    </cac:PartyIdentification>
    <cac:PartyName>
      <cbc:Name>Gravel Pit Ltd.</cbc:Name>
    </cac:PartyName>
    <cac:PhysicalLocation>
      <cbc:ID>0114-40-019-a</cbc:ID>
      <cbc:Name>Townsend pit</cbc:Name>
    </cac:PhysicalLocation>
  </cac:WeighingParty>
  <cac:ShipperParty>
    <cac:PartyIdentification>
      <cbc:ID>5790000435951</cbc:ID>
    </cac:PartyIdentification>
    <cac:PartyName>
      <cbc:Name>Tony's Trucks and Transport</cbc:Name>
    </cac:PartyName>
  </cac:ShipperParty>
  <cac:Shipment>
    <cbc:ID>NA</cbc:ID>
    <cac:GoodsItem>
      <cbc:ID>1</cbc:ID>
      <cac:Item>
        <cbc:Name>Sortering 0/2 mm krossat bergmaterial CE-märkt enligt system 2+ för användning till asfalt.</cbc:Name>
        <cac:BuyersItemIdentification>
          <cbc:ID>KO2001030300</cbc:ID>
        </cac:BuyersItemIdentification>
        <cac:SellersItemIdentification>
          <cbc:ID>17589683</cbc:ID>
        </cac:SellersItemIdentification>
        <cac:StandardItemIdentification>
          <cbc:ID>1234567891234</cbc:ID>
        </cac:StandardItemIdentification>
        <cac:CommodityClassification>
          <cbc:ItemClassificationCode>KO2012140200</cbc:ItemClassificationCode>
        </cac:CommodityClassification>
      </cac:Item>
      <cac:MeasurementDimension>
        <cbc:AttributeID>AAF</cbc:AttributeID>
        <cbc:Measure>12.3</cbc:Measure>
      </cac:MeasurementDimension>
    </cac:GoodsItem>
  </cac:Shipment>
</ubl:WeightStatement>
